k,fee,spread_mean,spread_t,spread_p,depth_mean,depth_t,depth_p,volume_mean,volume_t,volume_p
10000000.0,0.003,0.9133333333333333,3.9855861265733514,7.56157233105525e-05,-9284.255,-4.844783804262259,1.616162179573113e-06,928.2133333333334,4.7131409994734215,3.0361612262840152e-06
10000000.0,0.008,0.9133333333333333,3.9855861265733514,7.56157233105525e-05,-9284.255,-4.844783804262259,1.616162179573113e-06,928.2133333333334,4.7131409994734215,3.0361612262840152e-06
100000000.0,0.003,0.9133333333333333,3.9855861265733514,7.56157233105525e-05,-9284.255,-4.844783804262259,1.616162179573113e-06,928.2133333333334,4.7131409994734215,3.0361612262840152e-06
100000000.0,0.008,0.9133333333333333,3.9855861265733514,7.56157233105525e-05,-9284.255,-4.844783804262259,1.616162179573113e-06,928.2133333333334,4.7131409994734215,3.0361612262840152e-06
