k,fee,spread_mean,spread_t,spread_p,depth_mean,depth_t,depth_p,volume_mean,volume_t,volume_p
10000000.0,0.003,-0.16333333333333333,-4.441694718295549,1.0630885882949581e-05,-8106.5633333333335,-4.535282117850855,6.950948670160984e-06,504.2366666666667,2.2793089499063033,0.022999591093123186
10000000.0,0.008,-0.16333333333333333,-4.441694718295549,1.0630885882949581e-05,-8106.5633333333335,-4.535282117850855,6.950948670160984e-06,504.2366666666667,2.2793089499063033,0.022999591093123186
100000000.0,0.003,-0.16333333333333333,-4.441694718295549,1.0630885882949581e-05,-8106.5633333333335,-4.535282117850855,6.950948670160984e-06,504.2366666666667,2.2793089499063033,0.022999591093123186
100000000.0,0.008,-0.16333333333333333,-4.441694718295549,1.0630885882949581e-05,-8106.5633333333335,-4.535282117850855,6.950948670160984e-06,504.2366666666667,2.2793089499063033,0.022999591093123186
