k,fee,max_slippage,num_hybrid_agents,fundamental_file_path,seed,effect_type,hybrid_spread_mean,hybrid_depth_mean,hybrid_volume_mean,original_spread_mean,original_depth_mean,original_volume_mean,spread_mean,spread_t,spread_p,depth_mean,depth_t,depth_p,volume_mean,volume_t,volume_p
1000000000.0,0.001,0.01,100,data/ETH1.xlsx,5678,混合效应,2.568667232812983,398.18837193051877,617.0866666666667,21.006666666666668,402.69666666666666,824.0066666666667,-18.437999433853683,-5.199690591181751,3.7082767969949176e-07,-4.508294736147879,-0.12876753550410044,0.897628165511666,-206.92,-1.036805753582541,0.3006641534130684
1000000000.0,0.001,0.04,100,data/ETH1.xlsx,5678,混合效应,6.156128656209526,354.3105061370334,578.5233333333333,21.006666666666668,402.69666666666666,824.0066666666667,-14.850538010457143,-4.003891625009578,7.866219885532324e-05,-48.38616052963324,-1.42254315606671,0.1559110411494471,-245.48333333333332,-1.246609742534669,0.21351634152725132
1000000000.0,0.001,0.07,100,data/ETH1.xlsx,5678,混合效应,8.453159249444688,339.46063885104485,589.88,21.006666666666668,402.69666666666666,824.0066666666667,-12.553507417221978,-3.2323861054874183,0.0013647729953679014,-63.23602781562185,-1.8527034871471963,0.06491013832909459,-234.12666666666667,-1.187329645947397,0.23604002431997828
1000000000.0,0.001,0.1,100,data/ETH1.xlsx,5678,混合效应,6.895128799765645,322.13708463589546,587.4966666666667,21.006666666666668,402.69666666666666,824.0066666666667,-14.111537866901022,-3.838792543410373,0.0001509151784805505,-80.55958203077117,-2.3959924151233065,0.017189930551908397,-236.51,-1.2009822520868125,0.2307086022499867
1000000000.0,0.004,0.01,100,data/ETH1.xlsx,5678,混合效应,2.5207962398367667,440.68753934021436,640.55,21.006666666666668,402.69666666666666,824.0066666666667,-18.4858704268299,-5.21736197880672,3.398328592983007e-07,37.990872673547685,1.0816594408511495,0.2802754806946346,-183.45666666666668,-0.9193888328183205,0.35863333036498835
1000000000.0,0.004,0.04,100,data/ETH1.xlsx,5678,混合效应,5.408960339989772,368.80997999870556,588.2366666666667,21.006666666666668,402.69666666666666,824.0066666666667,-15.597706326676896,-4.271599305755397,2.6108215055302005e-05,-33.88668666796111,-0.9763943398151509,0.32965838020458593,-235.77,-1.1974393187426253,0.2320838021769808
1000000000.0,0.004,0.07,100,data/ETH1.xlsx,5678,混合效应,8.808011252767402,347.6176217983072,589.89,21.006666666666668,402.69666666666666,824.0066666666667,-12.198655413899264,-3.171016423731866,0.0016767772911367395,-55.079044868359475,-1.6081260458589066,0.10886294618427333,-234.11666666666667,-1.187396314478598,0.23601377881327162
1000000000.0,0.004,0.1,100,data/ETH1.xlsx,5678,混合效应,6.460300693021768,324.5731358171396,589.8433333333334,21.006666666666668,402.69666666666666,824.0066666666667,-14.546365973644898,-3.9781360143210294,8.720419563411276e-05,-78.12353084952713,-2.3124023571692702,0.021434539088019143,-234.16333333333333,-1.1883565334574868,0.2356359979916635
1000000000.0,0.007,0.01,100,data/ETH1.xlsx,5678,混合效应,3.112826514921262,424.7360733556793,638.83,21.006666666666668,402.69666666666666,824.0066666666667,-17.893840151745405,-5.04093120390053,8.039994327708515e-07,22.03940668901263,0.6262702682158559,0.5316154921750381,-185.17666666666668,-0.9269803820208751,0.35468435571419366
1000000000.0,0.007,0.04,100,data/ETH1.xlsx,5678,混合效应,5.2270376955880735,351.835387244099,574.0933333333334,21.006666666666668,402.69666666666666,824.0066666666667,-15.779628971078594,-4.399405546584273,1.5115228812244315e-05,-50.8612794225677,-1.5033236116874793,0.133811070855731,-249.91333333333333,-1.2696227886444216,0.20520628772827826
1000000000.0,0.007,0.07,100,data/ETH1.xlsx,5678,混合效应,9.336342368066566,332.0933786581254,585.3,21.006666666666668,402.69666666666666,824.0066666666667,-11.670324298600102,-3.0279380669597136,0.002676851315443876,-70.60328800854127,-2.08561419242721,0.03786127675431384,-238.70666666666668,-1.2110661884791358,0.22682637994530247
1000000000.0,0.007,0.1,100,data/ETH1.xlsx,5678,混合效应,6.314891622079082,324.57517864576573,589.8433333333334,21.006666666666668,402.69666666666666,824.0066666666667,-14.691775044587585,-4.063934573244889,6.172982088929979e-05,-78.12148802090094,-2.3123389402399326,0.021438079829350566,-234.16333333333333,-1.1883565334574868,0.2356359979916635
1000000000.0,0.01,0.01,100,data/ETH1.xlsx,5678,混合效应,3.7054681586481077,403.56232876843336,637.4966666666667,21.006666666666668,402.69666666666666,824.0066666666667,-17.301198508018558,-4.868898456613466,1.8207946232849722e-06,0.8656621017667021,0.02447435140871334,0.9804905677393407,-186.51,-0.934122183442818,0.350994622149543
1000000000.0,0.01,0.04,100,data/ETH1.xlsx,5678,混合效应,5.52664206963908,351.838918862081,574.1733333333333,21.006666666666668,402.69666666666666,824.0066666666667,-15.480024597027587,-4.286394158030901,2.4523679980182094e-05,-50.857747804585664,-1.503217305909745,0.13383846323580617,-249.83333333333334,-1.2692124518756298,0.20535236213291694
1000000000.0,0.01,0.07,100,data/ETH1.xlsx,5678,混合效应,10.247920302042225,359.42648695627855,593.5633333333334,21.006666666666668,402.69666666666666,824.0066666666667,-10.758746364624441,-2.661073058751548,0.008209994159075144,-43.270179710388156,-1.2447800939662472,0.21418735691879623,-230.44333333333333,-1.1683137700231245,0.24361091231844603
1000000000.0,0.01,0.1,100,data/ETH1.xlsx,5678,混合效应,6.606654906801923,324.5780966404063,589.8433333333334,21.006666666666668,402.69666666666666,824.0066666666667,-14.400011759864743,-3.9689004388586664,9.04763923925881e-05,-78.11857002626044,-2.3122504459158355,0.0214430215659764,-234.16333333333333,-1.1883565334574868,0.2356359979916635
100000000000.0,0.001,0.01,100,data/ETH1.xlsx,5678,混合效应,2.718844987376215,499.7584577141826,608.94,21.006666666666668,402.69666666666666,824.0066666666667,-18.287821679290452,-5.153390793831554,4.6560589678880773e-07,97.06179104751592,2.7283164473726953,0.006742544957575297,-215.06666666666666,-1.0820653870967805,0.2800953704480305
100000000000.0,0.001,0.04,100,data/ETH1.xlsx,5678,混合效应,3.767969226348011,424.30241605272477,611.4033333333333,21.006666666666668,402.69666666666666,824.0066666666667,-17.238697440318656,-4.806763686136606,2.4328104264838343e-06,21.605749386058093,0.6390203853675238,0.5232988893524473,-212.60333333333332,-1.0780550504288182,0.281878144689231
100000000000.0,0.001,0.07,100,data/ETH1.xlsx,5678,混合效应,6.019382003199463,381.7555445436695,594.6366666666667,21.006666666666668,402.69666666666666,824.0066666666667,-14.987284663467205,-4.11485429670474,5.014615336574182e-05,-20.941122122997196,-0.6175657901865036,0.5373316438361275,-229.37,-1.1640297717056096,0.2453399309234849
100000000000.0,0.001,0.1,100,data/ETH1.xlsx,5678,混合效应,10.896077020487494,372.30323986687637,595.3333333333334,21.006666666666668,402.69666666666666,824.0066666666667,-10.110589646179172,-2.4044619820907394,0.016804279470221083,-30.393426799790227,-0.8956955360402108,0.3711359106457405,-228.67333333333335,-1.1599606581233106,0.2469902166950827
100000000000.0,0.004,0.01,100,data/ETH1.xlsx,5678,混合效应,3.2415283794564766,410.67224857197874,589.3366666666667,21.006666666666668,402.69666666666666,824.0066666666667,-17.76513828721019,-5.004979724181066,9.555169725052439e-07,7.975581905312092,0.23293219814943464,0.8159734280657722,-234.67,-1.1811182294287177,0.23849439064187689
100000000000.0,0.004,0.04,100,data/ETH1.xlsx,5678,混合效应,3.6917946381588655,450.8368545329593,630.3166666666667,21.006666666666668,402.69666666666666,824.0066666666667,-17.3148720285078,-4.845561126266786,2.0308448109712412e-06,48.14018786629257,1.3805126563920245,0.1684599922365087,-193.69,-0.9813547222720683,0.32721123057381485
100000000000.0,0.004,0.07,100,data/ETH1.xlsx,5678,混合效应,8.52107565484399,374.39898146830245,598.82,21.006666666666668,402.69666666666666,824.0066666666667,-12.485591011822676,-3.2045614130491025,0.0014988906378648706,-28.297685198364185,-0.8365448439729724,0.40351652572080987,-225.18666666666667,-1.1404726263092033,0.25500213964177737
100000000000.0,0.004,0.1,100,data/ETH1.xlsx,5678,混合效应,10.820286564793667,374.06073852493387,589.5033333333333,21.006666666666668,402.69666666666666,824.0066666666667,-10.186380101872999,-2.411852430213652,0.016474022004317725,-28.6359281417328,-0.8464268274630145,0.39799159191073397,-234.50333333333333,-1.1899437692868058,0.23501247202906192
100000000000.0,0.007,0.01,100,data/ETH1.xlsx,5678,混合效应,3.8018940860371626,442.4526648236622,618.0633333333334,21.006666666666668,402.69666666666666,824.0066666666667,-17.204772580629506,-4.827351596034631,2.210802999567037e-06,39.755998156995496,1.1266787370706404,0.26078174884210403,-205.94333333333333,-1.032104163718897,0.30285742365950935
100000000000.0,0.007,0.04,100,data/ETH1.xlsx,5678,混合效应,5.227454521420623,434.1463904821657,610.8233333333334,21.006666666666668,402.69666666666666,824.0066666666667,-15.779212145246044,-4.330316295545214,2.0343222536489576e-05,31.449723815499066,0.9017108381668998,0.3679362627699919,-213.18333333333334,-1.0808714078857757,0.2806253408915784
100000000000.0,0.007,0.07,100,data/ETH1.xlsx,5678,混合效应,6.705469416656506,396.83053509929226,610.73,21.006666666666668,402.69666666666666,824.0066666666667,-14.30119725001016,-3.7973910881797512,0.00017708833420652177,-5.866131567374372,-0.173732825833309,0.8621929999243184,-213.27666666666667,-1.0798988720032527,0.28105752496313663
100000000000.0,0.007,0.1,100,data/ETH1.xlsx,5678,混合效应,11.224694491440086,363.87791933089125,583.9633333333334,21.006666666666668,402.69666666666666,824.0066666666667,-9.78197217522658,-2.3130498299103,0.021398418182515047,-38.818747335775335,-1.1581297700569564,0.2477353022721672,-240.04333333333332,-1.21897899218501,0.22381297799487407
100000000000.0,0.01,0.01,100,data/ETH1.xlsx,5678,混合效应,3.538693618473538,492.72072924222766,646.09,21.006666666666668,402.69666666666666,824.0066666666667,-17.46797304819313,-4.902800759805605,1.5526096503228536e-06,90.02406257556099,2.477485363546966,0.013783617182065161,-177.91666666666666,-0.8903282463562205,0.3740054721944801
100000000000.0,0.01,0.04,100,data/ETH1.xlsx,5678,混合效应,4.553758666339795,459.762234776382,639.4066666666666,21.006666666666668,402.69666666666666,824.0066666666667,-16.45290800032687,-4.598988122002723,6.2758660246030865e-06,57.065568109715336,1.5973968016612814,0.11123353840122199,-184.6,-0.9343539830428998,0.3508752765319929
100000000000.0,0.01,0.07,100,data/ETH1.xlsx,5678,混合效应,7.770491585311921,401.80477500537523,605.2433333333333,21.006666666666668,402.69666666666666,824.0066666666667,-13.236175081354745,-3.396603280979749,0.0007746332960570353,-0.8918916612914715,-0.026414815213482653,0.9789440982337474,-218.76333333333332,-1.10887162839599,0.2683766688433123
100000000000.0,0.01,0.1,100,data/ETH1.xlsx,5678,混合效应,8.161419912444261,375.58972349302513,588.8133333333334,21.006666666666668,402.69666666666666,824.0066666666667,-12.845246754222407,-3.4204830996395508,0.0007120640385870742,-27.106943173641586,-0.8088061988300216,0.41926972247586003,-235.19333333333333,-1.1937849069057271,0.23350838946557145
10000000000000.0,0.001,0.01,100,data/ETH1.xlsx,5678,混合效应,2.8675717302350328,872.586263499768,607.42,21.006666666666668,402.69666666666666,824.0066666666667,-18.139094936431636,-5.099630814208228,6.052476036725389e-07,469.88959683310134,13.950954595240766,2.0562413257796517e-34,-216.58666666666667,-1.0874169922027073,0.2777283585256036
10000000000000.0,0.001,0.04,100,data/ETH1.xlsx,5678,混合效应,4.84312821898818,867.1643798170393,587.4133333333333,21.006666666666668,402.69666666666666,824.0066666666667,-16.163538447678487,-4.470808305257657,1.107609318391319e-05,464.4677131503726,13.773796596294128,9.23981157567725e-34,-236.59333333333333,-1.1989017891914533,0.23151543287216142
10000000000000.0,0.001,0.07,100,data/ETH1.xlsx,5678,混合效应,5.217432375490442,864.8820127251236,597.8566666666667,21.006666666666668,402.69666666666666,824.0066666666667,-15.789234291176223,-4.374787054095756,1.6810059698187596e-05,462.18534605845684,13.721461485844205,1.439165177884512e-33,-226.15,-1.1459018303217028,0.2527520497626418
10000000000000.0,0.001,0.1,100,data/ETH1.xlsx,5678,混合效应,6.533612160493823,875.2760967612725,584.3566666666667,21.006666666666668,402.69666666666666,824.0066666666667,-14.473054506172842,-3.9375178413037393,0.0001024881063723412,472.57943009460575,13.902634923416173,3.0991158400621734e-34,-239.65,-1.215046926011609,0.2253067957649052
10000000000000.0,0.004,0.01,100,data/ETH1.xlsx,5678,混合效应,2.97569029999204,878.5323406798748,575.18,21.006666666666668,402.69666666666666,824.0066666666667,-18.03097636667463,-5.084981065111057,6.498522290416165e-07,475.835674013208,14.086463529918309,6.49787186263788e-35,-248.82666666666665,-1.251674353983626,0.21166687214402308
10000000000000.0,0.004,0.04,100,data/ETH1.xlsx,5678,混合效应,6.2235832209029835,887.0021806897413,617.81,21.006666666666668,402.69666666666666,824.0066666666667,-14.783083445763683,-4.005216414182411,7.824505961048466e-05,484.30551402307475,14.495611941543336,1.9804451253091137e-36,-206.19666666666666,-1.0448671088514447,0.29692838017683565
10000000000000.0,0.004,0.07,100,data/ETH1.xlsx,5678,混合效应,6.433423721329802,863.1817068708132,569.86,21.006666666666668,402.69666666666666,824.0066666666667,-14.573242945336867,-3.960285923241868,9.363333628045834e-05,460.48504020414646,13.792263386679032,7.901677719462869e-34,-254.14666666666668,-1.2904239978296588,0.19790048194716134
10000000000000.0,0.004,0.1,100,data/ETH1.xlsx,5678,混合效应,6.690307549323966,865.5482983045787,569.2366666666667,21.006666666666668,402.69666666666666,824.0066666666667,-14.316359117342703,-3.965690265488569,9.16408202545868e-05,462.85163163791196,13.715696648434834,1.5111219725074739e-33,-254.77,-1.2931423344313957,0.19696005573902764
10000000000000.0,0.007,0.01,100,data/ETH1.xlsx,5678,混合效应,3.8106734082314704,908.6565136998215,604.22,21.006666666666668,402.69666666666666,824.0066666666667,-17.195993258435198,-4.8312922899045025,2.1705989185645844e-06,505.9598470331547,14.822634048841222,1.2019551194626188e-37,-219.78666666666666,-1.1044585918345156,0.27028225330571387
10000000000000.0,0.007,0.04,100,data/ETH1.xlsx,5678,混合效应,5.698500496208265,896.4672904741096,616.17,21.006666666666668,402.69666666666666,824.0066666666667,-15.308166170458401,-4.237138801475768,3.0187097831709965e-05,493.7706238074428,14.149188025360155,3.8095489163043184e-35,-207.83666666666667,-1.051268504123292,0.2939841761309492
10000000000000.0,0.007,0.07,100,data/ETH1.xlsx,5678,混合效应,7.060148378447012,843.6878997837248,563.52,21.006666666666668,402.69666666666666,824.0066666666667,-13.946518288219655,-3.7781582199176578,0.0001906558721786341,440.9912331170581,13.17327524082656,1.4579767322808585e-31,-260.4866666666667,-1.3233330670829937,0.18673564756778144
10000000000000.0,0.007,0.1,100,data/ETH1.xlsx,5678,混合效应,7.178313345285305,865.6165581072917,569.2666666666667,21.006666666666668,402.69666666666666,824.0066666666667,-13.82835332138136,-3.8233018440466595,0.00016024762386264614,462.91989144062495,13.715815904195019,1.5095976497630284e-33,-254.74,-1.2929988212757622,0.19700962267914918
10000000000000.0,0.01,0.01,100,data/ETH1.xlsx,5678,混合效应,3.816438017609795,924.0406131786824,626.32,21.006666666666668,402.69666666666666,824.0066666666667,-17.19022864905687,-4.815967975579589,2.3310197249415506e-06,521.3439465120156,15.022030215943595,2.167589863595381e-38,-197.68666666666667,-0.990453494619344,0.3227533477068071
10000000000000.0,0.01,0.04,100,data/ETH1.xlsx,5678,混合效应,5.598457305964421,869.8436442428815,595.69,21.006666666666668,402.69666666666666,824.0066666666667,-15.408209360702246,-4.175720873422788,3.900956526133017e-05,467.1469775762149,13.837218275221087,5.398075399504144e-34,-228.31666666666666,-1.1570592698453808,0.24817167746155144
10000000000000.0,0.01,0.07,100,data/ETH1.xlsx,5678,混合效应,5.37,864.2064470519031,572.31,21.006666666666668,402.69666666666666,824.0066666666667,-15.636666666666667,-4.2653683377275735,2.6804435659521326e-05,461.50978038523635,13.749598934665611,1.1341297470735378e-33,-251.69666666666666,-1.2777826261988918,0.2023172417450175
10000000000000.0,0.01,0.1,100,data/ETH1.xlsx,5678,混合效应,5.866251703268478,853.8749357108379,558.83,21.006666666666668,402.69666666666666,824.0066666666667,-15.14041496339819,-4.3533291378400065,1.84344504346202e-05,451.17826904417115,13.137512561181314,1.967438730419138e-31,-265.1766666666667,-1.3468951264989566,0.17903397202813293
1000000000000000.0,0.001,0.01,100,data/ETH1.xlsx,5678,混合效应,2.3286660905704624,5677.614473928643,594.1566666666666,21.006666666666668,402.69666666666666,824.0066666666667,-18.678000576096203,-5.253327354920855,2.8432197916220546e-07,5274.917807261976,150.1044401370491,1.5199120186506195e-283,-229.85,-1.1538887232823696,0.2494672787623125
1000000000000000.0,0.001,0.04,100,data/ETH1.xlsx,5678,混合效应,2.2286097566712595,5669.212432115651,589.7566666666667,21.006666666666668,402.69666666666666,824.0066666666667,-18.778056909995406,-5.28318648478592,2.450163597726122e-07,5266.515765448984,153.4980619054187,2.0691450335815871e-286,-234.25,-1.1768010789537215,0.24021088988204362
1000000000000000.0,0.001,0.07,100,data/ETH1.xlsx,5678,混合效应,2.2286097566712595,5669.212432115651,589.7566666666667,21.006666666666668,402.69666666666666,824.0066666666667,-18.778056909995406,-5.28318648478592,2.450163597726122e-07,5266.515765448984,153.4980619054187,2.0691450335815871e-286,-234.25,-1.1768010789537215,0.24021088988204362
1000000000000000.0,0.001,0.1,100,data/ETH1.xlsx,5678,混合效应,2.2286097566712595,5669.212432115651,589.7566666666667,21.006666666666668,402.69666666666666,824.0066666666667,-18.778056909995406,-5.28318648478592,2.450163597726122e-07,5266.515765448984,153.4980619054187,2.0691450335815871e-286,-234.25,-1.1768010789537215,0.24021088988204362
1000000000000000.0,0.004,0.01,100,data/ETH1.xlsx,5678,混合效应,2.7345916152558036,5684.539327257913,617.15,21.006666666666668,402.69666666666666,824.0066666666667,-18.272075051410862,-5.190795485171402,3.874497953027476e-07,5281.842660591246,143.07347690112522,2.1184575461507856e-277,-206.85666666666665,-1.0374306821420474,0.30037343000038186
1000000000000000.0,0.004,0.04,100,data/ETH1.xlsx,5678,混合效应,3.0053811357139435,5642.121263446468,621.3533333333334,21.006666666666668,402.69666666666666,824.0066666666667,-18.001285530952725,-5.107536263273539,5.824248088577755e-07,5239.4245967798015,149.23782438715617,8.391163368174839e-283,-202.65333333333334,-1.0122195517350818,0.3122514932552114
1000000000000000.0,0.004,0.07,100,data/ETH1.xlsx,5678,混合效应,3.0053811357139435,5642.121263446468,621.3533333333334,21.006666666666668,402.69666666666666,824.0066666666667,-18.001285530952725,-5.107536263273539,5.824248088577755e-07,5239.4245967798015,149.23782438715617,8.391163368174839e-283,-202.65333333333334,-1.0122195517350818,0.3122514932552114
1000000000000000.0,0.004,0.1,100,data/ETH1.xlsx,5678,混合效应,3.0053811357139435,5642.121263446468,621.3533333333334,21.006666666666668,402.69666666666666,824.0066666666667,-18.001285530952725,-5.107536263273539,5.824248088577755e-07,5239.4245967798015,149.23782438715617,8.391163368174839e-283,-202.65333333333334,-1.0122195517350818,0.3122514932552114
1000000000000000.0,0.007,0.01,100,data/ETH1.xlsx,5678,混合效应,2.9938589499343244,5669.228982434934,602.9333333333333,21.006666666666668,402.69666666666666,824.0066666666667,-18.012807716732343,-5.078027401045465,6.721229971699246e-07,5266.532315768267,139.74289205426416,2.1862033337433865e-274,-221.07333333333332,-1.1114326031395507,0.26727508226032204
1000000000000000.0,0.007,0.04,100,data/ETH1.xlsx,5678,混合效应,2.994063321457123,5654.790477241021,602.51,21.006666666666668,402.69666666666666,824.0066666666667,-18.01260334520954,-5.067837745306006,7.06098103007074e-07,5252.093810574354,143.05713602009095,2.1909820467219527e-277,-221.49666666666667,-1.1227749496161257,0.2624338336172601
1000000000000000.0,0.007,0.07,100,data/ETH1.xlsx,5678,混合效应,2.994063321457123,5654.790477241021,602.51,21.006666666666668,402.69666666666666,824.0066666666667,-18.01260334520954,-5.067837745306006,7.06098103007074e-07,5252.093810574354,143.05713602009095,2.1909820467219527e-277,-221.49666666666667,-1.1227749496161257,0.2624338336172601
1000000000000000.0,0.007,0.1,100,data/ETH1.xlsx,5678,混合效应,2.994063321457123,5654.790477241021,602.51,21.006666666666668,402.69666666666666,824.0066666666667,-18.01260334520954,-5.067837745306006,7.06098103007074e-07,5252.093810574354,143.05713602009095,2.1909820467219527e-277,-221.49666666666667,-1.1227749496161257,0.2624338336172601
1000000000000000.0,0.01,0.01,100,data/ETH1.xlsx,5678,混合效应,3.6745297234594925,5617.114656541092,604.1066666666667,21.006666666666668,402.69666666666666,824.0066666666667,-17.332136943207175,-4.880232086296439,1.7265114482504934e-06,5214.417989874425,149.59914250238435,4.1110228680331503e-283,-219.9,-1.1041868117260947,0.27039991417294623
1000000000000000.0,0.01,0.04,100,data/ETH1.xlsx,5678,混合效应,3.9985218503231015,5620.680734059938,592.8933333333333,21.006666666666668,402.69666666666666,824.0066666666667,-17.008144816343567,-4.79330361671084,2.5894232699911113e-06,5217.984067393271,149.52368127131476,4.770967103364359e-283,-231.11333333333334,-1.1706367180414152,0.2426769779506185
1000000000000000.0,0.01,0.07,100,data/ETH1.xlsx,5678,混合效应,3.9985218503231015,5620.680734059938,592.8933333333333,21.006666666666668,402.69666666666666,824.0066666666667,-17.008144816343567,-4.79330361671084,2.5894232699911113e-06,5217.984067393271,149.52368127131476,4.770967103364359e-283,-231.11333333333334,-1.1706367180414152,0.2426769779506185
1000000000000000.0,0.01,0.1,100,data/ETH1.xlsx,5678,混合效应,3.9985218503231015,5620.680734059938,592.8933333333333,21.006666666666668,402.69666666666666,824.0066666666667,-17.008144816343567,-4.79330361671084,2.5894232699911113e-06,5217.984067393271,149.52368127131476,4.770967103364359e-283,-231.11333333333334,-1.1706367180414152,0.2426769779506185
1000000000.0,0.001,0.01,100,data/ETH1.xlsx,91011,混合效应,4.369348019951535,428.733981670264,679.7866666666666,6.093333333333334,857.29,1129.9066666666668,-1.7239853133817982,-1.1661791922392573,0.24447134792247494,-428.556018329736,-2.556636214743581,0.011062910991800358,-450.12,-0.8420021750028298,0.40045969187912256
1000000000.0,0.001,0.04,100,data/ETH1.xlsx,91011,挤出效应,11.05936526914977,313.1164852247019,660.83,6.093333333333334,857.29,1129.9066666666668,4.966031935816438,2.2141478280427114,0.027572823611516018,-544.1735147752981,-3.294980956806691,0.0011026936627304875,-469.07666666666665,-0.8774616918457268,0.38094040850373134
1000000000.0,0.001,0.07,100,data/ETH1.xlsx,91011,挤出效应,20.163220388977734,318.28225158686934,679.21,6.093333333333334,857.29,1129.9066666666668,14.069887055644397,3.2448761190998527,0.001308264046419622,-539.0077484131307,-3.262877259583555,0.0012306302703161485,-450.69666666666666,-0.8429445381313195,0.39993326229413095
1000000000.0,0.001,0.1,100,data/ETH1.xlsx,91011,挤出效应,17.28522233185631,293.22481477504334,668.9866666666667,6.093333333333334,857.29,1129.9066666666668,11.191888998522977,2.293160740312208,0.02253261413060719,-564.0651852249567,-3.4205154105635427,0.0007119826702698546,-460.92,-0.8621399986871456,0.38930140274667013
1000000000.0,0.004,0.01,100,data/ETH1.xlsx,91011,混合效应,4.441243394734694,347.5478067176196,654.4933333333333,6.093333333333334,857.29,1129.9066666666668,-1.6520899385986392,-1.1234080954313186,0.2621653935460247,-509.74219328238047,-3.090733039733265,0.002184653570356375,-475.41333333333336,-0.889647212614847,0.37437056301650096
1000000000.0,0.004,0.04,100,data/ETH1.xlsx,91011,挤出效应,13.447731673065041,298.1383275540105,649.32,6.093333333333334,857.29,1129.9066666666668,7.354398339731707,2.9861103628550563,0.0030591742370436616,-559.1516724459894,-3.388280950421748,0.0007976188091121339,-480.58666666666664,-0.8990879840814298,0.3693292780660502
1000000000.0,0.004,0.07,100,data/ETH1.xlsx,91011,挤出效应,16.251603494903932,348.8649302750339,691.9166666666666,6.093333333333334,857.29,1129.9066666666668,10.158270161570599,3.155254377143571,0.0017669324069079367,-508.4250697249662,-3.0702491819100715,0.0023352053490144353,-437.99,-0.8190632367464039,0.4134026832683906
1000000000.0,0.004,0.1,100,data/ETH1.xlsx,91011,挤出效应,17.929400971890026,293.2471614571995,669.2833333333333,6.093333333333334,857.29,1129.9066666666668,11.836067638556692,2.431856533882416,0.015608670938129924,-564.0428385428005,-3.4203763977895094,0.0007123328066141961,-460.62333333333333,-0.861583516326314,0.389607170280577
1000000000.0,0.007,0.01,100,data/ETH1.xlsx,91011,混合效应,5.002600992360364,371.0980865369547,674.97,6.093333333333334,857.29,1129.9066666666668,-1.0907323409729694,-0.7207368972869429,0.4716345170748525,-486.1919134630453,-2.939370624879277,0.003545172238389221,-454.93666666666667,-0.8510267113149173,0.39543553755450633
1000000000.0,0.007,0.04,100,data/ETH1.xlsx,91011,挤出效应,12.17022683948194,300.8958467053588,659.0133333333333,6.093333333333334,857.29,1129.9066666666668,6.076893506148607,2.637201707849729,0.008796350134991955,-556.3941532946412,-3.3711345730142406,0.0008469948837662288,-470.8933333333333,-0.8808257131059776,0.3791196185012049
1000000000.0,0.007,0.07,100,data/ETH1.xlsx,91011,挤出效应,18.34763290780421,290.58106600701944,665.56,6.093333333333334,857.29,1129.9066666666668,12.254299574470878,3.6217920721218886,0.0003435909862958291,-566.7089339929806,-3.4366828061357504,0.0006723399996134689,-464.3466666666667,-0.8685509210898488,0.3857894181112862
1000000000.0,0.007,0.1,100,data/ETH1.xlsx,91011,挤出效应,19.558158282870536,291.021012777938,673.7833333333333,6.093333333333334,857.29,1129.9066666666668,13.464824949537201,3.0555001833710533,0.002449457578120394,-566.2689872220622,-3.4344794044751406,0.0006776186613538313,-456.12333333333333,-0.8531108900183976,0.39428069486896167
1000000000.0,0.01,0.01,100,data/ETH1.xlsx,91011,混合效应,6.026810706071617,331.98938087086975,644.1033333333334,6.093333333333334,857.29,1129.9066666666668,-0.06652262726171557,-0.043077809456486454,0.9656682612950716,-525.3006191291303,-3.1876818654514762,0.0015860947805211843,-485.80333333333334,-0.9090392160467162,0.364061570401634
1000000000.0,0.01,0.04,100,data/ETH1.xlsx,91011,挤出效应,12.170688681930914,297.1512990621661,652.3233333333334,6.093333333333334,857.29,1129.9066666666668,6.07735534859758,2.9991324524674496,0.0029350934444626452,-560.1387009378338,-3.394390357515972,0.0007806841143930193,-477.5833333333333,-0.8934412424301511,0.3723394671522646
1000000000.0,0.01,0.07,100,data/ETH1.xlsx,91011,挤出效应,17.813727950552664,368.2596136014641,691.0866666666667,6.093333333333334,857.29,1129.9066666666668,11.720394617219334,3.302043059939539,0.0010762618230676633,-489.03038639853594,-2.946488583329996,0.003466868002315252,-438.82,-0.8206157111824168,0.4125189423720794
1000000000.0,0.01,0.1,100,data/ETH1.xlsx,91011,挤出效应,19.769872238983904,293.3873591318737,676.32,6.093333333333334,857.29,1129.9066666666668,13.676538905650572,3.099130253489511,0.0021255614283168267,-563.9026408681262,-3.4196510485386384,0.0007141623789887506,-453.58666666666664,-0.8483423449795228,0.39692596732721064
100000000000.0,0.001,0.01,100,data/ETH1.xlsx,91011,混合效应,4.107240617464016,461.11903467433604,659.07,6.093333333333334,857.29,1129.9066666666668,-1.9860927158693176,-1.3531980901132556,0.1770145554987616,-396.17096532566393,-2.3652087086255964,0.01865813403130938,-470.83666666666664,-0.8808769769584379,0.3790919134281857
100000000000.0,0.001,0.04,100,data/ETH1.xlsx,91011,挤出效应,12.591199968563547,345.5472993777482,662.8933333333333,6.093333333333334,857.29,1129.9066666666668,6.4978666352302135,2.35233665496086,0.019304044267757725,-511.74270062225185,-3.1032744112413675,0.002096944633839355,-467.0133333333333,-0.8736651912128933,0.38300174942476706
100000000000.0,0.001,0.07,100,data/ETH1.xlsx,91011,挤出效应,16.118902866331744,341.2601810271237,660.7333333333333,6.093333333333334,857.29,1129.9066666666668,10.025569532998407,3.0911772602729934,0.0021814900113732915,-516.0298189728763,-3.1274403699649134,0.001937025074373225,-469.17333333333335,-0.8777054480727564,0.3808082933947168
100000000000.0,0.001,0.1,100,data/ETH1.xlsx,91011,挤出效应,20.374039644882565,336.9593574308696,650.8766666666667,6.093333333333334,857.29,1129.9066666666668,14.280706311549233,3.5051454303743177,0.0005262469999841853,-520.3306425691304,-3.154472029007477,0.001771521836507018,-479.03,-0.8961193377807822,0.37090991618421953
100000000000.0,0.004,0.01,100,data/ETH1.xlsx,91011,混合效应,4.473563313533436,369.14486276736466,642.6833333333333,6.093333333333334,857.29,1129.9066666666668,-1.6197700197998968,-1.0952036726416292,0.27430882641915405,-488.14513723263536,-2.9645197044871683,0.0032755365520140255,-487.22333333333336,-0.9117312892681547,0.3626446685701935
100000000000.0,0.004,0.04,100,data/ETH1.xlsx,91011,挤出效应,13.087460391927126,329.811854517113,650.39,6.093333333333334,857.29,1129.9066666666668,6.994127058593793,2.575583893585359,0.010487393768361934,-527.478145482887,-3.20150743680612,0.0015143317918621918,-479.51666666666665,-0.8970714487187833,0.37040251128286905
100000000000.0,0.004,0.07,100,data/ETH1.xlsx,91011,挤出效应,16.442381681226482,339.6280186401264,668.7366666666667,6.093333333333334,857.29,1129.9066666666668,10.34904834789315,3.305718202624044,0.0010627407762576653,-517.6619813598735,-3.137134678909767,0.0018760960123317203,-461.17,-0.8626681990982852,0.38901131093806696
100000000000.0,0.004,0.1,100,data/ETH1.xlsx,91011,挤出效应,19.000625682173837,327.1529510741362,654.7833333333333,6.093333333333334,857.29,1129.9066666666668,12.907292348840505,3.3475497410365316,0.000919577099963706,-530.1370489258638,-3.2165562060484447,0.001439644008287344,-475.12333333333333,-0.8889265154028779,0.37475715790348474
100000000000.0,0.007,0.01,100,data/ETH1.xlsx,91011,混合效应,5.141164016143463,381.67201745195956,647.1333333333333,6.093333333333334,857.29,1129.9066666666668,-0.9521693171898702,-0.6348333680104374,0.5260225651277209,-475.61798254804046,-2.885199479169682,0.004196162510448167,-482.7733333333333,-0.9033512857692342,0.3670666837241233
100000000000.0,0.007,0.04,100,data/ETH1.xlsx,91011,挤出效应,11.836029602414897,329.5047807317092,653.3033333333333,6.093333333333334,857.29,1129.9066666666668,5.742696269081563,2.5938010650474475,0.009959459241677009,-527.7852192682909,-3.2032290068446936,0.0015056093781330032,-476.60333333333335,-0.8916203827274934,0.37331338816674464
100000000000.0,0.007,0.07,100,data/ETH1.xlsx,91011,挤出效应,16.33630535759931,337.8459114136169,671.14,6.093333333333334,857.29,1129.9066666666668,10.242972024265978,3.398660727177975,0.0007690468793476985,-519.444088586383,-3.148261826501033,0.0018083448547651215,-458.76666666666665,-0.8580843247159184,0.3915332152466984
100000000000.0,0.007,0.1,100,data/ETH1.xlsx,91011,挤出效应,18.82247542964298,322.6510047847176,658.3933333333333,6.093333333333334,857.29,1129.9066666666668,12.729142096309648,3.3978412217343976,0.0007712674962801996,-534.6389952152823,-3.2444314617962315,0.001310237996179035,-471.5133333333333,-0.8820975630529324,0.3784326288311074
100000000000.0,0.01,0.01,100,data/ETH1.xlsx,91011,混合效应,5.951674504653623,381.2176763824759,648.3433333333334,6.093333333333334,857.29,1129.9066666666668,-0.1416588286797105,-0.09292653603362919,0.9260241577543704,-476.07232361752415,-2.887737055295862,0.004163385333396508,-481.56333333333333,-0.9010578361763605,0.36828276871036936
100000000000.0,0.01,0.04,100,data/ETH1.xlsx,91011,挤出效应,10.647816095999046,336.9808007759204,664.0133333333333,6.093333333333334,857.29,1129.9066666666668,4.554482762665713,2.205852833806029,0.028154764818441712,-520.3091992240795,-3.1557879468546326,0.00176380867091686,-465.8933333333333,-0.8712964749701047,0.3842913358393597
100000000000.0,0.01,0.07,100,data/ETH1.xlsx,91011,挤出效应,15.467398539906007,337.8091949210806,667.2133333333334,6.093333333333334,857.29,1129.9066666666668,9.374065206572674,3.2490977208329928,0.00128966017914358,-519.4808050789193,-3.148537621218924,0.0018066946588243004,-462.6933333333333,-0.86550017321149,0.3874582246999081
100000000000.0,0.01,0.1,100,data/ETH1.xlsx,91011,挤出效应,19.57933129982229,313.8479297982799,642.9966666666667,6.093333333333334,857.29,1129.9066666666668,13.485997966488954,3.6063701969109285,0.00036374653221206394,-543.44207020172,-3.298763350579415,0.0010884629124459676,-486.91,-0.910979558234409,0.36303997273426303
10000000000000.0,0.001,0.01,100,data/ETH1.xlsx,91011,混合效应,5.441250662046056,920.9467869385662,647.6066666666667,6.093333333333334,857.29,1129.9066666666668,-0.6520826712872774,-0.41209893306398576,0.6805621979886527,63.65678693856617,0.3794167577054179,0.7046477295755458,-482.3,-0.9024528989391719,0.3675427468407727
10000000000000.0,0.001,0.04,100,data/ETH1.xlsx,91011,挤出效应,11.491793079489542,790.9286983679158,654.7,6.093333333333334,857.29,1129.9066666666668,5.398459746156209,2.548353788867703,0.011323220182583782,-66.36130163208426,-0.4030096101448253,0.6872291661557417,-475.20666666666665,-0.8888723166365008,0.3747862411159869
10000000000000.0,0.001,0.07,100,data/ETH1.xlsx,91011,混合效应,8.935540491660108,898.727864287023,686.74,6.093333333333334,857.29,1129.9066666666668,2.842207158326775,1.2377616749114153,0.216775506390137,41.43786428702306,0.24913754917699596,0.803425438403301,-443.1666666666667,-0.8286049332367242,0.40798893211994947
10000000000000.0,0.001,0.1,100,data/ETH1.xlsx,91011,混合效应,9.980346382017604,830.0449987078978,654.4933333333333,6.093333333333334,857.29,1129.9066666666668,3.887013048684271,1.8921143432024923,0.05944174108943872,-27.24500129210229,-0.1648987757004326,0.8691350822646942,-475.41333333333336,-0.8893656161020599,0.37452158691440895
10000000000000.0,0.004,0.01,100,data/ETH1.xlsx,91011,混合效应,4.336953954447304,841.1540871567271,648.7166666666667,6.093333333333334,857.29,1129.9066666666668,-1.7563793788860296,-1.1958005514430878,0.23272186876208376,-16.135912843272866,-0.09795152854115766,0.9220364124725245,-481.19,-0.9003642072481737,0.36865105624836203
10000000000000.0,0.004,0.04,100,data/ETH1.xlsx,91011,挤出效应,10.771522572807198,803.5784408730426,666.6133333333333,6.093333333333334,857.29,1129.9066666666668,4.678189239473865,2.167499232535161,0.03098583408176885,-53.71155912695744,-0.32574704128057325,0.7448435995482352,-463.29333333333335,-0.866476241478625,0.38692381957601374
10000000000000.0,0.004,0.07,100,data/ETH1.xlsx,91011,混合效应,10.215107334413588,854.5285741255469,713.3133333333334,6.093333333333334,857.29,1129.9066666666668,4.121774001080254,1.7422096073913245,0.08250001214343648,-2.7614258744530766,-0.016680129725061617,0.9867029237881519,-416.5933333333333,-0.7787107517246741,0.43676595083982517
10000000000000.0,0.004,0.1,100,data/ETH1.xlsx,91011,挤出效应,10.910187121820632,848.6797506761677,653.4033333333333,6.093333333333334,857.29,1129.9066666666668,4.8168537884872995,2.0724216360021583,0.039082907754936606,-8.610249323832443,-0.052043435279821824,0.958528835851451,-476.50333333333333,-0.8913664754817133,0.37344932104423423
10000000000000.0,0.007,0.01,100,data/ETH1.xlsx,91011,混合效应,5.718274070345868,842.9186592625716,641.8466666666667,6.093333333333334,857.29,1129.9066666666668,-0.37505926298746545,-0.24917116798391933,0.8033994586206608,-14.3713407374284,-0.08724564632786684,0.9305346567141428,-488.06,-0.9133050316725196,0.361817980269476
10000000000000.0,0.007,0.04,100,data/ETH1.xlsx,91011,混合效应,8.603784933272493,843.4218736718477,696.7233333333334,6.093333333333334,857.29,1129.9066666666668,2.510451599939159,1.2827820973474755,0.20056192626763408,-13.868126328152284,-0.08391831418183918,0.9331775349233051,-433.18333333333334,-0.8100177487114985,0.41857416173784645
10000000000000.0,0.007,0.07,100,data/ETH1.xlsx,91011,混合效应,9.78470906775405,852.8758800323722,674.3133333333334,6.093333333333334,857.29,1129.9066666666668,3.691375734420717,1.7942231033656906,0.07378772109636925,-4.414119967627776,-0.0266847482103244,0.9787289789526601,-455.5933333333333,-0.8520695005458211,0.3948574718193465
10000000000000.0,0.007,0.1,100,data/ETH1.xlsx,91011,混合效应,10.345682669851845,873.2481565865038,676.06,6.093333333333334,857.29,1129.9066666666668,4.252349336518512,1.8170049629449248,0.07021736499045876,15.958156586503804,0.09625046887943214,0.9233861279350057,-453.8466666666667,-0.8487601008885626,0.3966937948769279
10000000000000.0,0.01,0.01,100,data/ETH1.xlsx,91011,混合效应,6.475689435401568,842.2067743568598,640.71,6.093333333333334,857.29,1129.9066666666668,0.38235610206823517,0.25013690716182096,0.8026532525838624,-15.083225643140176,-0.09159576344434199,0.9270805524597583,-489.19666666666666,-0.9154424064625627,0.3606971178552133
10000000000000.0,0.01,0.04,100,data/ETH1.xlsx,91011,挤出效应,10.280401183587538,811.9759569580151,676.4333333333333,6.093333333333334,857.29,1129.9066666666668,4.187067850254204,2.105630403620402,0.03607017054547108,-45.31404304198494,-0.27477283784213563,0.7836805277741499,-453.47333333333336,-0.848033511998624,0.397097657617587
10000000000000.0,0.01,0.07,100,data/ETH1.xlsx,91011,混合效应,9.651560371048943,824.635490497742,655.51,6.093333333333334,857.29,1129.9066666666668,3.5582270377156084,1.8280031557095957,0.068545420099802,-32.65450950225791,-0.19789604256866777,0.8432608744157536,-474.39666666666665,-0.8873773452132011,0.37558899970581594
10000000000000.0,0.01,0.1,100,data/ETH1.xlsx,91011,挤出效应,13.016277932327766,809.8809231077356,643.25,6.093333333333334,857.29,1129.9066666666668,6.922944598994433,3.1293202150789132,0.0019250693330196827,-47.40907689226437,-0.2874631721827784,0.7739568260457406,-486.6566666666667,-0.9104046845229828,0.36334245780550656
1000000000000000.0,0.001,0.01,100,data/ETH1.xlsx,91011,混合效应,3.0894479378306596,5611.093797508603,654.3533333333334,6.093333333333334,857.29,1129.9066666666668,-3.0038853955026736,-2.107668085482353,0.035891972491278734,4753.803797508603,29.00122029280848,6.77354417166973e-89,-475.55333333333334,-0.8897774627038927,0.37430072099233624
1000000000000000.0,0.001,0.04,100,data/ETH1.xlsx,91011,混合效应,2.4229279700459228,5617.025000901377,634.99,6.093333333333334,857.29,1129.9066666666668,-3.670405363287411,-2.5235179286627325,0.01213686016734681,4759.735000901377,29.014629216954646,6.116117182697721e-89,-494.9166666666667,-0.926206039184741,0.3550858853066302
1000000000000000.0,0.001,0.07,100,data/ETH1.xlsx,91011,混合效应,2.4229279700459228,5617.025000901377,634.99,6.093333333333334,857.29,1129.9066666666668,-3.670405363287411,-2.5235179286627325,0.01213686016734681,4759.735000901377,29.014629216954646,6.116117182697721e-89,-494.9166666666667,-0.926206039184741,0.3550858853066302
1000000000000000.0,0.001,0.1,100,data/ETH1.xlsx,91011,混合效应,2.4229279700459228,5617.025000901377,634.99,6.093333333333334,857.29,1129.9066666666668,-3.670405363287411,-2.5235179286627325,0.01213686016734681,4759.735000901377,29.014629216954646,6.116117182697721e-89,-494.9166666666667,-0.926206039184741,0.3550858853066302
1000000000000000.0,0.004,0.01,100,data/ETH1.xlsx,91011,混合效应,3.810323872363965,5590.395402277932,654.0866666666667,6.093333333333334,857.29,1129.9066666666668,-2.2830094609693683,-1.5502630053189737,0.12213618548921877,4733.105402277932,28.792954149346382,3.3171161181459926e-88,-475.82,-0.8905569569077261,0.37388291395708817
1000000000000000.0,0.004,0.04,100,data/ETH1.xlsx,91011,混合效应,3.3656157211132207,5647.5971365938085,650.31,6.093333333333334,857.29,1129.9066666666668,-2.7277176122201126,-1.8591029351409605,0.06399481956265485,4790.3071365938085,28.946774196517467,1.0255505970421056e-88,-479.5966666666667,-0.8976253396559497,0.37010752770274935
1000000000000000.0,0.004,0.07,100,data/ETH1.xlsx,91011,混合效应,3.3656157211132207,5647.5971365938085,650.31,6.093333333333334,857.29,1129.9066666666668,-2.7277176122201126,-1.8591029351409605,0.06399481956265485,4790.3071365938085,28.946774196517467,1.0255505970421056e-88,-479.5966666666667,-0.8976253396559497,0.37010752770274935
1000000000000000.0,0.004,0.1,100,data/ETH1.xlsx,91011,混合效应,3.3656157211132207,5647.5971365938085,650.31,6.093333333333334,857.29,1129.9066666666668,-2.7277176122201126,-1.8591029351409605,0.06399481956265485,4790.3071365938085,28.946774196517467,1.0255505970421056e-88,-479.5966666666667,-0.8976253396559497,0.37010752770274935
1000000000000000.0,0.007,0.01,100,data/ETH1.xlsx,91011,混合效应,5.280598780484144,5638.777842418739,652.3,6.093333333333334,857.29,1129.9066666666668,-0.8127345528491894,-0.5329745619344717,0.594447089607751,4781.487842418739,28.598569362590013,1.4684164813768106e-87,-477.6066666666667,-0.8935745619402734,0.3722682209418522
1000000000000000.0,0.007,0.04,100,data/ETH1.xlsx,91011,混合效应,4.673532701218456,5666.951893451614,691.43,6.093333333333334,857.29,1129.9066666666668,-1.4198006321148766,-0.9681484593552633,0.33375268770700395,4809.661893451613,28.819872659990462,2.7005488881967006e-88,-438.4766666666667,-0.8199289985925672,0.41290971233999285
1000000000000000.0,0.007,0.07,100,data/ETH1.xlsx,91011,混合效应,4.673532701218456,5666.951893451614,691.43,6.093333333333334,857.29,1129.9066666666668,-1.4198006321148766,-0.9681484593552633,0.33375268770700395,4809.661893451613,28.819872659990462,2.7005488881967006e-88,-438.4766666666667,-0.8199289985925672,0.41290971233999285
1000000000000000.0,0.007,0.1,100,data/ETH1.xlsx,91011,混合效应,4.673532701218456,5666.951893451614,691.43,6.093333333333334,857.29,1129.9066666666668,-1.4198006321148766,-0.9681484593552633,0.33375268770700395,4809.661893451613,28.819872659990462,2.7005488881967006e-88,-438.4766666666667,-0.8199289985925672,0.41290971233999285
1000000000000000.0,0.01,0.01,100,data/ETH1.xlsx,91011,混合效应,5.1838891697596985,5703.591480733756,689.5866666666667,6.093333333333334,857.29,1129.9066666666668,-0.9094441635736348,-0.597086710606349,0.5509013530168996,4846.301480733756,28.943255274400787,1.0534293236455844e-88,-440.32,-0.8238020868616178,0.4107086377778191
1000000000000000.0,0.01,0.04,100,data/ETH1.xlsx,91011,混合效应,6.412317968750628,5658.419343612729,655.68,6.093333333333334,857.29,1129.9066666666668,0.31898463541729444,0.20530944623669398,0.8374700678785033,4801.12934361273,28.880539961811948,1.6994888605890873e-88,-474.2266666666667,-0.8874378877419575,0.37555646930950914
1000000000000000.0,0.01,0.07,100,data/ETH1.xlsx,91011,混合效应,6.412317968750628,5658.419343612729,655.68,6.093333333333334,857.29,1129.9066666666668,0.31898463541729444,0.20530944623669398,0.8374700678785033,4801.12934361273,28.880539961811948,1.6994888605890873e-88,-474.2266666666667,-0.8874378877419575,0.37555646930950914
1000000000000000.0,0.01,0.1,100,data/ETH1.xlsx,91011,混合效应,6.412317968750628,5658.419343612729,655.68,6.093333333333334,857.29,1129.9066666666668,0.31898463541729444,0.20530944623669398,0.8374700678785033,4801.12934361273,28.880539961811948,1.6994888605890873e-88,-474.2266666666667,-0.8874378877419575,0.37555646930950914
1000000000.0,0.001,0.01,100,data/BIT.xlsx,5678,混合效应,1.3650099963053557,608.1590620840955,479.5466666666667,1.7866666666666666,618.0333333333333,435.0366666666667,-0.421656670361311,-1.999061629048399,0.04650654899842552,-9.8742712492379,-0.6739523903372316,0.5008622574541404,44.51,1.0659437573164574,0.2873090389256611
1000000000.0,0.001,0.04,100,data/BIT.xlsx,5678,混合效应,1.3650099963053557,608.1590620840955,479.5466666666667,1.7866666666666666,618.0333333333333,435.0366666666667,-0.421656670361311,-1.999061629048399,0.04650654899842552,-9.8742712492379,-0.6739523903372316,0.5008622574541404,44.51,1.0659437573164574,0.2873090389256611
1000000000.0,0.001,0.07,100,data/BIT.xlsx,5678,混合效应,1.3650099963053557,608.1590620840955,479.5466666666667,1.7866666666666666,618.0333333333333,435.0366666666667,-0.421656670361311,-1.999061629048399,0.04650654899842552,-9.8742712492379,-0.6739523903372316,0.5008622574541404,44.51,1.0659437573164574,0.2873090389256611
1000000000.0,0.001,0.1,100,data/BIT.xlsx,5678,混合效应,1.3650099963053557,608.1590620840955,479.5466666666667,1.7866666666666666,618.0333333333333,435.0366666666667,-0.421656670361311,-1.999061629048399,0.04650654899842552,-9.8742712492379,-0.6739523903372316,0.5008622574541404,44.51,1.0659437573164574,0.2873090389256611
1000000000.0,0.004,0.01,100,data/BIT.xlsx,5678,混合效应,1.3733333333333333,608.1599412027009,479.5466666666667,1.7866666666666666,618.0333333333333,435.0366666666667,-0.41333333333333333,-1.959118808460478,0.05102795315941145,-9.873392130632476,-0.6738922128056279,0.5009004637124972,44.51,1.0659437573164574,0.2873090389256611
1000000000.0,0.004,0.04,100,data/BIT.xlsx,5678,混合效应,1.3733333333333333,608.1599412027009,479.5466666666667,1.7866666666666666,618.0333333333333,435.0366666666667,-0.41333333333333333,-1.959118808460478,0.05102795315941145,-9.873392130632476,-0.6738922128056279,0.5009004637124972,44.51,1.0659437573164574,0.2873090389256611
1000000000.0,0.004,0.07,100,data/BIT.xlsx,5678,混合效应,1.3733333333333333,608.1599412027009,479.5466666666667,1.7866666666666666,618.0333333333333,435.0366666666667,-0.41333333333333333,-1.959118808460478,0.05102795315941145,-9.873392130632476,-0.6738922128056279,0.5009004637124972,44.51,1.0659437573164574,0.2873090389256611
1000000000.0,0.004,0.1,100,data/BIT.xlsx,5678,混合效应,1.3733333333333333,608.1599412027009,479.5466666666667,1.7866666666666666,618.0333333333333,435.0366666666667,-0.41333333333333333,-1.959118808460478,0.05102795315941145,-9.873392130632476,-0.6738922128056279,0.5009004637124972,44.51,1.0659437573164574,0.2873090389256611
1000000000.0,0.007,0.01,100,data/BIT.xlsx,5678,混合效应,1.3733333333333333,608.1599412027009,479.5466666666667,1.7866666666666666,618.0333333333333,435.0366666666667,-0.41333333333333333,-1.959118808460478,0.05102795315941145,-9.873392130632476,-0.6738922128056279,0.5009004637124972,44.51,1.0659437573164574,0.2873090389256611
1000000000.0,0.007,0.04,100,data/BIT.xlsx,5678,混合效应,1.3733333333333333,608.1599412027009,479.5466666666667,1.7866666666666666,618.0333333333333,435.0366666666667,-0.41333333333333333,-1.959118808460478,0.05102795315941145,-9.873392130632476,-0.6738922128056279,0.5009004637124972,44.51,1.0659437573164574,0.2873090389256611
1000000000.0,0.007,0.07,100,data/BIT.xlsx,5678,混合效应,1.3733333333333333,608.1599412027009,479.5466666666667,1.7866666666666666,618.0333333333333,435.0366666666667,-0.41333333333333333,-1.959118808460478,0.05102795315941145,-9.873392130632476,-0.6738922128056279,0.5009004637124972,44.51,1.0659437573164574,0.2873090389256611
1000000000.0,0.007,0.1,100,data/BIT.xlsx,5678,混合效应,1.3733333333333333,608.1599412027009,479.5466666666667,1.7866666666666666,618.0333333333333,435.0366666666667,-0.41333333333333333,-1.959118808460478,0.05102795315941145,-9.873392130632476,-0.6738922128056279,0.5009004637124972,44.51,1.0659437573164574,0.2873090389256611
1000000000.0,0.01,0.01,100,data/BIT.xlsx,5678,混合效应,1.3733333333333333,608.1599412027009,479.5466666666667,1.7866666666666666,618.0333333333333,435.0366666666667,-0.41333333333333333,-1.959118808460478,0.05102795315941145,-9.873392130632476,-0.6738922128056279,0.5009004637124972,44.51,1.0659437573164574,0.2873090389256611
1000000000.0,0.01,0.04,100,data/BIT.xlsx,5678,混合效应,1.3733333333333333,608.1599412027009,479.5466666666667,1.7866666666666666,618.0333333333333,435.0366666666667,-0.41333333333333333,-1.959118808460478,0.05102795315941145,-9.873392130632476,-0.6738922128056279,0.5009004637124972,44.51,1.0659437573164574,0.2873090389256611
1000000000.0,0.01,0.07,100,data/BIT.xlsx,5678,混合效应,1.3733333333333333,608.1599412027009,479.5466666666667,1.7866666666666666,618.0333333333333,435.0366666666667,-0.41333333333333333,-1.959118808460478,0.05102795315941145,-9.873392130632476,-0.6738922128056279,0.5009004637124972,44.51,1.0659437573164574,0.2873090389256611
1000000000.0,0.01,0.1,100,data/BIT.xlsx,5678,混合效应,1.3733333333333333,608.1599412027009,479.5466666666667,1.7866666666666666,618.0333333333333,435.0366666666667,-0.41333333333333333,-1.959118808460478,0.05102795315941145,-9.873392130632476,-0.6738922128056279,0.5009004637124972,44.51,1.0659437573164574,0.2873090389256611
100000000000.0,0.001,0.01,100,data/BIT.xlsx,5678,混合效应,1.3650099963055498,616.5806208409543,479.5466666666667,1.7866666666666666,618.0333333333333,435.0366666666667,-0.421656670361117,-1.9990616290474892,0.04650654899852447,-1.4527124923789718,-0.09915276950278408,0.9210834166889132,44.51,1.0659437573164574,0.2873090389256611
100000000000.0,0.001,0.04,100,data/BIT.xlsx,5678,混合效应,1.3650099963055498,616.5806208409543,479.5466666666667,1.7866666666666666,618.0333333333333,435.0366666666667,-0.421656670361117,-1.9990616290474892,0.04650654899852447,-1.4527124923789718,-0.09915276950278408,0.9210834166889132,44.51,1.0659437573164574,0.2873090389256611
100000000000.0,0.001,0.07,100,data/BIT.xlsx,5678,混合效应,1.3650099963055498,616.5806208409543,479.5466666666667,1.7866666666666666,618.0333333333333,435.0366666666667,-0.421656670361117,-1.9990616290474892,0.04650654899852447,-1.4527124923789718,-0.09915276950278408,0.9210834166889132,44.51,1.0659437573164574,0.2873090389256611
100000000000.0,0.001,0.1,100,data/BIT.xlsx,5678,混合效应,1.3650099963055498,616.5806208409543,479.5466666666667,1.7866666666666666,618.0333333333333,435.0366666666667,-0.421656670361117,-1.9990616290474892,0.04650654899852447,-1.4527124923789718,-0.09915276950278408,0.9210834166889132,44.51,1.0659437573164574,0.2873090389256611
100000000000.0,0.004,0.01,100,data/BIT.xlsx,5678,混合效应,1.3733333333333333,616.5894120270087,479.5466666666667,1.7866666666666666,618.0333333333333,435.0366666666667,-0.41333333333333333,-1.959118808460478,0.05102795315941145,-1.4439213063245067,-0.09855248443109112,0.9215596343370785,44.51,1.0659437573164574,0.2873090389256611
100000000000.0,0.004,0.04,100,data/BIT.xlsx,5678,混合效应,1.3733333333333333,616.5894120270087,479.5466666666667,1.7866666666666666,618.0333333333333,435.0366666666667,-0.41333333333333333,-1.959118808460478,0.05102795315941145,-1.4439213063245067,-0.09855248443109112,0.9215596343370785,44.51,1.0659437573164574,0.2873090389256611
100000000000.0,0.004,0.07,100,data/BIT.xlsx,5678,混合效应,1.3733333333333333,616.5894120270087,479.5466666666667,1.7866666666666666,618.0333333333333,435.0366666666667,-0.41333333333333333,-1.959118808460478,0.05102795315941145,-1.4439213063245067,-0.09855248443109112,0.9215596343370785,44.51,1.0659437573164574,0.2873090389256611
100000000000.0,0.004,0.1,100,data/BIT.xlsx,5678,混合效应,1.3733333333333333,616.5894120270087,479.5466666666667,1.7866666666666666,618.0333333333333,435.0366666666667,-0.41333333333333333,-1.959118808460478,0.05102795315941145,-1.4439213063245067,-0.09855248443109112,0.9215596343370785,44.51,1.0659437573164574,0.2873090389256611
100000000000.0,0.007,0.01,100,data/BIT.xlsx,5678,混合效应,1.3733333333333333,616.5894120270087,479.5466666666667,1.7866666666666666,618.0333333333333,435.0366666666667,-0.41333333333333333,-1.959118808460478,0.05102795315941145,-1.4439213063245067,-0.09855248443109112,0.9215596343370785,44.51,1.0659437573164574,0.2873090389256611
100000000000.0,0.007,0.04,100,data/BIT.xlsx,5678,混合效应,1.3733333333333333,616.5894120270087,479.5466666666667,1.7866666666666666,618.0333333333333,435.0366666666667,-0.41333333333333333,-1.959118808460478,0.05102795315941145,-1.4439213063245067,-0.09855248443109112,0.9215596343370785,44.51,1.0659437573164574,0.2873090389256611
100000000000.0,0.007,0.07,100,data/BIT.xlsx,5678,混合效应,1.3733333333333333,616.5894120270087,479.5466666666667,1.7866666666666666,618.0333333333333,435.0366666666667,-0.41333333333333333,-1.959118808460478,0.05102795315941145,-1.4439213063245067,-0.09855248443109112,0.9215596343370785,44.51,1.0659437573164574,0.2873090389256611
100000000000.0,0.007,0.1,100,data/BIT.xlsx,5678,混合效应,1.3733333333333333,616.5894120270087,479.5466666666667,1.7866666666666666,618.0333333333333,435.0366666666667,-0.41333333333333333,-1.959118808460478,0.05102795315941145,-1.4439213063245067,-0.09855248443109112,0.9215596343370785,44.51,1.0659437573164574,0.2873090389256611
100000000000.0,0.01,0.01,100,data/BIT.xlsx,5678,混合效应,1.3733333333333333,616.5894120270087,479.5466666666667,1.7866666666666666,618.0333333333333,435.0366666666667,-0.41333333333333333,-1.959118808460478,0.05102795315941145,-1.4439213063245067,-0.09855248443109112,0.9215596343370785,44.51,1.0659437573164574,0.2873090389256611
100000000000.0,0.01,0.04,100,data/BIT.xlsx,5678,混合效应,1.3733333333333333,616.5894120270087,479.5466666666667,1.7866666666666666,618.0333333333333,435.0366666666667,-0.41333333333333333,-1.959118808460478,0.05102795315941145,-1.4439213063245067,-0.09855248443109112,0.9215596343370785,44.51,1.0659437573164574,0.2873090389256611
100000000000.0,0.01,0.07,100,data/BIT.xlsx,5678,混合效应,1.3733333333333333,616.5894120270087,479.5466666666667,1.7866666666666666,618.0333333333333,435.0366666666667,-0.41333333333333333,-1.959118808460478,0.05102795315941145,-1.4439213063245067,-0.09855248443109112,0.9215596343370785,44.51,1.0659437573164574,0.2873090389256611
100000000000.0,0.01,0.1,100,data/BIT.xlsx,5678,混合效应,1.3733333333333333,616.5894120270087,479.5466666666667,1.7866666666666666,618.0333333333333,435.0366666666667,-0.41333333333333333,-1.959118808460478,0.05102795315941145,-1.4439213063245067,-0.09855248443109112,0.9215596343370785,44.51,1.0659437573164574,0.2873090389256611
10000000000000.0,0.001,0.01,100,data/BIT.xlsx,5678,混合效应,1.3650099963054527,700.7962084095436,479.5466666666667,1.7866666666666666,618.0333333333333,435.0366666666667,-0.421656670361214,-1.999061629047944,0.04650654899847499,82.76287507621021,5.64899095426539,3.758532189724303e-08,44.51,1.0659437573164574,0.2873090389256611
10000000000000.0,0.001,0.04,100,data/BIT.xlsx,5678,混合效应,1.3650099963054527,700.7962084095436,479.5466666666667,1.7866666666666666,618.0333333333333,435.0366666666667,-0.421656670361214,-1.999061629047944,0.04650654899847499,82.76287507621021,5.64899095426539,3.758532189724303e-08,44.51,1.0659437573164574,0.2873090389256611
10000000000000.0,0.001,0.07,100,data/BIT.xlsx,5678,混合效应,1.3650099963054527,700.7962084095436,479.5466666666667,1.7866666666666666,618.0333333333333,435.0366666666667,-0.421656670361214,-1.999061629047944,0.04650654899847499,82.76287507621021,5.64899095426539,3.758532189724303e-08,44.51,1.0659437573164574,0.2873090389256611
10000000000000.0,0.001,0.1,100,data/BIT.xlsx,5678,混合效应,1.3650099963054527,700.7962084095436,479.5466666666667,1.7866666666666666,618.0333333333333,435.0366666666667,-0.421656670361214,-1.999061629047944,0.04650654899847499,82.76287507621021,5.64899095426539,3.758532189724303e-08,44.51,1.0659437573164574,0.2873090389256611
10000000000000.0,0.004,0.01,100,data/BIT.xlsx,5678,混合效应,1.3733333333333333,700.8841202700884,479.5466666666667,1.7866666666666666,618.0333333333333,435.0366666666667,-0.41333333333333333,-1.959118808460478,0.05102795315941145,82.85078693675499,5.6548447993142625,3.6446381785801505e-08,44.51,1.0659437573164574,0.2873090389256611
10000000000000.0,0.004,0.04,100,data/BIT.xlsx,5678,混合效应,1.3733333333333333,700.8841202700884,479.5466666666667,1.7866666666666666,618.0333333333333,435.0366666666667,-0.41333333333333333,-1.959118808460478,0.05102795315941145,82.85078693675499,5.6548447993142625,3.6446381785801505e-08,44.51,1.0659437573164574,0.2873090389256611
10000000000000.0,0.004,0.07,100,data/BIT.xlsx,5678,混合效应,1.3733333333333333,700.8841202700884,479.5466666666667,1.7866666666666666,618.0333333333333,435.0366666666667,-0.41333333333333333,-1.959118808460478,0.05102795315941145,82.85078693675499,5.6548447993142625,3.6446381785801505e-08,44.51,1.0659437573164574,0.2873090389256611
10000000000000.0,0.004,0.1,100,data/BIT.xlsx,5678,混合效应,1.3733333333333333,700.8841202700884,479.5466666666667,1.7866666666666666,618.0333333333333,435.0366666666667,-0.41333333333333333,-1.959118808460478,0.05102795315941145,82.85078693675499,5.6548447993142625,3.6446381785801505e-08,44.51,1.0659437573164574,0.2873090389256611
10000000000000.0,0.007,0.01,100,data/BIT.xlsx,5678,混合效应,1.3733333333333333,700.8841202700884,479.5466666666667,1.7866666666666666,618.0333333333333,435.0366666666667,-0.41333333333333333,-1.959118808460478,0.05102795315941145,82.85078693675499,5.6548447993142625,3.6446381785801505e-08,44.51,1.0659437573164574,0.2873090389256611
10000000000000.0,0.007,0.04,100,data/BIT.xlsx,5678,混合效应,1.3733333333333333,700.8841202700884,479.5466666666667,1.7866666666666666,618.0333333333333,435.0366666666667,-0.41333333333333333,-1.959118808460478,0.05102795315941145,82.85078693675499,5.6548447993142625,3.6446381785801505e-08,44.51,1.0659437573164574,0.2873090389256611
10000000000000.0,0.007,0.07,100,data/BIT.xlsx,5678,混合效应,1.3733333333333333,700.8841202700884,479.5466666666667,1.7866666666666666,618.0333333333333,435.0366666666667,-0.41333333333333333,-1.959118808460478,0.05102795315941145,82.85078693675499,5.6548447993142625,3.6446381785801505e-08,44.51,1.0659437573164574,0.2873090389256611
10000000000000.0,0.007,0.1,100,data/BIT.xlsx,5678,混合效应,1.3733333333333333,700.8841202700884,479.5466666666667,1.7866666666666666,618.0333333333333,435.0366666666667,-0.41333333333333333,-1.959118808460478,0.05102795315941145,82.85078693675499,5.6548447993142625,3.6446381785801505e-08,44.51,1.0659437573164574,0.2873090389256611
10000000000000.0,0.01,0.01,100,data/BIT.xlsx,5678,混合效应,1.3733333333333333,700.8841202700884,479.5466666666667,1.7866666666666666,618.0333333333333,435.0366666666667,-0.41333333333333333,-1.959118808460478,0.05102795315941145,82.85078693675499,5.6548447993142625,3.6446381785801505e-08,44.51,1.0659437573164574,0.2873090389256611
10000000000000.0,0.01,0.04,100,data/BIT.xlsx,5678,混合效应,1.3733333333333333,700.8841202700884,479.5466666666667,1.7866666666666666,618.0333333333333,435.0366666666667,-0.41333333333333333,-1.959118808460478,0.05102795315941145,82.85078693675499,5.6548447993142625,3.6446381785801505e-08,44.51,1.0659437573164574,0.2873090389256611
10000000000000.0,0.01,0.07,100,data/BIT.xlsx,5678,混合效应,1.3733333333333333,700.8841202700884,479.5466666666667,1.7866666666666666,618.0333333333333,435.0366666666667,-0.41333333333333333,-1.959118808460478,0.05102795315941145,82.85078693675499,5.6548447993142625,3.6446381785801505e-08,44.51,1.0659437573164574,0.2873090389256611
10000000000000.0,0.01,0.1,100,data/BIT.xlsx,5678,混合效应,1.3733333333333333,700.8841202700884,479.5466666666667,1.7866666666666666,618.0333333333333,435.0366666666667,-0.41333333333333333,-1.959118808460478,0.05102795315941145,82.85078693675499,5.6548447993142625,3.6446381785801505e-08,44.51,1.0659437573164574,0.2873090389256611
1000000000000000.0,0.001,0.01,100,data/BIT.xlsx,5678,混合效应,1.3650099963051616,1542.9520840954358,479.5466666666667,1.7866666666666666,618.0333333333333,435.0366666666667,-0.42165667036150506,-1.9990616290493097,0.04650654899832641,924.9187507621024,63.14516096845939,6.246867876027574e-175,44.51,1.0659437573164574,0.2873090389256611
1000000000000000.0,0.001,0.04,100,data/BIT.xlsx,5678,混合效应,1.3650099963051616,1542.9520840954358,479.5466666666667,1.7866666666666666,618.0333333333333,435.0366666666667,-0.42165667036150506,-1.9990616290493097,0.04650654899832641,924.9187507621024,63.14516096845939,6.246867876027574e-175,44.51,1.0659437573164574,0.2873090389256611
1000000000000000.0,0.001,0.07,100,data/BIT.xlsx,5678,混合效应,1.3650099963051616,1542.9520840954358,479.5466666666667,1.7866666666666666,618.0333333333333,435.0366666666667,-0.42165667036150506,-1.9990616290493097,0.04650654899832641,924.9187507621024,63.14516096845939,6.246867876027574e-175,44.51,1.0659437573164574,0.2873090389256611
1000000000000000.0,0.001,0.1,100,data/BIT.xlsx,5678,混合效应,1.3650099963051616,1542.9520840954358,479.5466666666667,1.7866666666666666,618.0333333333333,435.0366666666667,-0.42165667036150506,-1.9990616290493097,0.04650654899832641,924.9187507621024,63.14516096845939,6.246867876027574e-175,44.51,1.0659437573164574,0.2873090389256611
1000000000000000.0,0.004,0.01,100,data/BIT.xlsx,5678,混合效应,1.3733333333333333,1543.831202700883,479.5466666666667,1.7866666666666666,618.0333333333333,435.0366666666667,-0.41333333333333333,-1.959118808460478,0.05102795315941145,925.7978693675498,63.18881763676779,5.154087297224567e-175,44.51,1.0659437573164574,0.2873090389256611
1000000000000000.0,0.004,0.04,100,data/BIT.xlsx,5678,混合效应,1.3733333333333333,1543.831202700883,479.5466666666667,1.7866666666666666,618.0333333333333,435.0366666666667,-0.41333333333333333,-1.959118808460478,0.05102795315941145,925.7978693675498,63.18881763676779,5.154087297224567e-175,44.51,1.0659437573164574,0.2873090389256611
1000000000000000.0,0.004,0.07,100,data/BIT.xlsx,5678,混合效应,1.3733333333333333,1543.831202700883,479.5466666666667,1.7866666666666666,618.0333333333333,435.0366666666667,-0.41333333333333333,-1.959118808460478,0.05102795315941145,925.7978693675498,63.18881763676779,5.154087297224567e-175,44.51,1.0659437573164574,0.2873090389256611
1000000000000000.0,0.004,0.1,100,data/BIT.xlsx,5678,混合效应,1.3733333333333333,1543.831202700883,479.5466666666667,1.7866666666666666,618.0333333333333,435.0366666666667,-0.41333333333333333,-1.959118808460478,0.05102795315941145,925.7978693675498,63.18881763676779,5.154087297224567e-175,44.51,1.0659437573164574,0.2873090389256611
1000000000000000.0,0.007,0.01,100,data/BIT.xlsx,5678,混合效应,1.3733333333333333,1543.831202700883,479.5466666666667,1.7866666666666666,618.0333333333333,435.0366666666667,-0.41333333333333333,-1.959118808460478,0.05102795315941145,925.7978693675498,63.18881763676779,5.154087297224567e-175,44.51,1.0659437573164574,0.2873090389256611
1000000000000000.0,0.007,0.04,100,data/BIT.xlsx,5678,混合效应,1.3733333333333333,1543.831202700883,479.5466666666667,1.7866666666666666,618.0333333333333,435.0366666666667,-0.41333333333333333,-1.959118808460478,0.05102795315941145,925.7978693675498,63.18881763676779,5.154087297224567e-175,44.51,1.0659437573164574,0.2873090389256611
1000000000000000.0,0.007,0.07,100,data/BIT.xlsx,5678,混合效应,1.3733333333333333,1543.831202700883,479.5466666666667,1.7866666666666666,618.0333333333333,435.0366666666667,-0.41333333333333333,-1.959118808460478,0.05102795315941145,925.7978693675498,63.18881763676779,5.154087297224567e-175,44.51,1.0659437573164574,0.2873090389256611
1000000000000000.0,0.007,0.1,100,data/BIT.xlsx,5678,混合效应,1.3733333333333333,1543.831202700883,479.5466666666667,1.7866666666666666,618.0333333333333,435.0366666666667,-0.41333333333333333,-1.959118808460478,0.05102795315941145,925.7978693675498,63.18881763676779,5.154087297224567e-175,44.51,1.0659437573164574,0.2873090389256611
1000000000000000.0,0.01,0.01,100,data/BIT.xlsx,5678,混合效应,1.3733333333333333,1543.831202700883,479.5466666666667,1.7866666666666666,618.0333333333333,435.0366666666667,-0.41333333333333333,-1.959118808460478,0.05102795315941145,925.7978693675498,63.18881763676779,5.154087297224567e-175,44.51,1.0659437573164574,0.2873090389256611
1000000000000000.0,0.01,0.04,100,data/BIT.xlsx,5678,混合效应,1.3733333333333333,1543.831202700883,479.5466666666667,1.7866666666666666,618.0333333333333,435.0366666666667,-0.41333333333333333,-1.959118808460478,0.05102795315941145,925.7978693675498,63.18881763676779,5.154087297224567e-175,44.51,1.0659437573164574,0.2873090389256611
1000000000000000.0,0.01,0.07,100,data/BIT.xlsx,5678,混合效应,1.3733333333333333,1543.831202700883,479.5466666666667,1.7866666666666666,618.0333333333333,435.0366666666667,-0.41333333333333333,-1.959118808460478,0.05102795315941145,925.7978693675498,63.18881763676779,5.154087297224567e-175,44.51,1.0659437573164574,0.2873090389256611
1000000000000000.0,0.01,0.1,100,data/BIT.xlsx,5678,混合效应,1.3733333333333333,1543.831202700883,479.5466666666667,1.7866666666666666,618.0333333333333,435.0366666666667,-0.41333333333333333,-1.959118808460478,0.05102795315941145,925.7978693675498,63.18881763676779,5.154087297224567e-175,44.51,1.0659437573164574,0.2873090389256611
1000000000.0,0.001,0.01,100,data/BIT.xlsx,91011,挤出效应,1.3966666666666667,612.5957141156385,426.95666666666665,1.24,719.6466666666666,462.6066666666667,0.15666666666666668,2.0014049804266345,0.04625216020783234,-107.05095255102798,-3.4467218043594903,0.0006487724088261653,-35.65,-0.8668473375620569,0.38672076014980883
1000000000.0,0.001,0.04,100,data/BIT.xlsx,91011,挤出效应,1.3966666666666667,612.5957141156385,426.95666666666665,1.24,719.6466666666666,462.6066666666667,0.15666666666666668,2.0014049804266345,0.04625216020783234,-107.05095255102798,-3.4467218043594903,0.0006487724088261653,-35.65,-0.8668473375620569,0.38672076014980883
1000000000.0,0.001,0.07,100,data/BIT.xlsx,91011,挤出效应,1.3966666666666667,612.5957141156385,426.95666666666665,1.24,719.6466666666666,462.6066666666667,0.15666666666666668,2.0014049804266345,0.04625216020783234,-107.05095255102798,-3.4467218043594903,0.0006487724088261653,-35.65,-0.8668473375620569,0.38672076014980883
1000000000.0,0.001,0.1,100,data/BIT.xlsx,91011,挤出效应,1.3966666666666667,612.5957141156385,426.95666666666665,1.24,719.6466666666666,462.6066666666667,0.15666666666666668,2.0014049804266345,0.04625216020783234,-107.05095255102798,-3.4467218043594903,0.0006487724088261653,-35.65,-0.8668473375620569,0.38672076014980883
1000000000.0,0.004,0.01,100,data/BIT.xlsx,91011,挤出效应,1.3966666666666667,612.5966078693676,426.95666666666665,1.24,719.6466666666666,462.6066666666667,0.15666666666666668,2.0014049804266345,0.04625216020783234,-107.05005879729914,-3.4466930281516053,0.0006488388465653736,-35.65,-0.8668473375620569,0.38672076014980883
1000000000.0,0.004,0.04,100,data/BIT.xlsx,91011,挤出效应,1.3966666666666667,612.5966078693676,426.95666666666665,1.24,719.6466666666666,462.6066666666667,0.15666666666666668,2.0014049804266345,0.04625216020783234,-107.05005879729914,-3.4466930281516053,0.0006488388465653736,-35.65,-0.8668473375620569,0.38672076014980883
1000000000.0,0.004,0.07,100,data/BIT.xlsx,91011,挤出效应,1.3966666666666667,612.5966078693676,426.95666666666665,1.24,719.6466666666666,462.6066666666667,0.15666666666666668,2.0014049804266345,0.04625216020783234,-107.05005879729914,-3.4466930281516053,0.0006488388465653736,-35.65,-0.8668473375620569,0.38672076014980883
1000000000.0,0.004,0.1,100,data/BIT.xlsx,91011,挤出效应,1.3966666666666667,612.5966078693676,426.95666666666665,1.24,719.6466666666666,462.6066666666667,0.15666666666666668,2.0014049804266345,0.04625216020783234,-107.05005879729914,-3.4466930281516053,0.0006488388465653736,-35.65,-0.8668473375620569,0.38672076014980883
1000000000.0,0.007,0.01,100,data/BIT.xlsx,91011,挤出效应,1.3966666666666667,612.5966078693676,426.95666666666665,1.24,719.6466666666666,462.6066666666667,0.15666666666666668,2.0014049804266345,0.04625216020783234,-107.05005879729914,-3.4466930281516053,0.0006488388465653736,-35.65,-0.8668473375620569,0.38672076014980883
1000000000.0,0.007,0.04,100,data/BIT.xlsx,91011,挤出效应,1.3966666666666667,612.5966078693676,426.95666666666665,1.24,719.6466666666666,462.6066666666667,0.15666666666666668,2.0014049804266345,0.04625216020783234,-107.05005879729914,-3.4466930281516053,0.0006488388465653736,-35.65,-0.8668473375620569,0.38672076014980883
1000000000.0,0.007,0.07,100,data/BIT.xlsx,91011,挤出效应,1.3966666666666667,612.5966078693676,426.95666666666665,1.24,719.6466666666666,462.6066666666667,0.15666666666666668,2.0014049804266345,0.04625216020783234,-107.05005879729914,-3.4466930281516053,0.0006488388465653736,-35.65,-0.8668473375620569,0.38672076014980883
1000000000.0,0.007,0.1,100,data/BIT.xlsx,91011,挤出效应,1.3966666666666667,612.5966078693676,426.95666666666665,1.24,719.6466666666666,462.6066666666667,0.15666666666666668,2.0014049804266345,0.04625216020783234,-107.05005879729914,-3.4466930281516053,0.0006488388465653736,-35.65,-0.8668473375620569,0.38672076014980883
1000000000.0,0.01,0.01,100,data/BIT.xlsx,91011,挤出效应,1.3966666666666667,612.5966078693676,426.95666666666665,1.24,719.6466666666666,462.6066666666667,0.15666666666666668,2.0014049804266345,0.04625216020783234,-107.05005879729914,-3.4466930281516053,0.0006488388465653736,-35.65,-0.8668473375620569,0.38672076014980883
1000000000.0,0.01,0.04,100,data/BIT.xlsx,91011,挤出效应,1.3966666666666667,612.5966078693676,426.95666666666665,1.24,719.6466666666666,462.6066666666667,0.15666666666666668,2.0014049804266345,0.04625216020783234,-107.05005879729914,-3.4466930281516053,0.0006488388465653736,-35.65,-0.8668473375620569,0.38672076014980883
1000000000.0,0.01,0.07,100,data/BIT.xlsx,91011,挤出效应,1.3966666666666667,612.5966078693676,426.95666666666665,1.24,719.6466666666666,462.6066666666667,0.15666666666666668,2.0014049804266345,0.04625216020783234,-107.05005879729914,-3.4466930281516053,0.0006488388465653736,-35.65,-0.8668473375620569,0.38672076014980883
1000000000.0,0.01,0.1,100,data/BIT.xlsx,91011,挤出效应,1.3966666666666667,612.5966078693676,426.95666666666665,1.24,719.6466666666666,462.6066666666667,0.15666666666666668,2.0014049804266345,0.04625216020783234,-107.05005879729914,-3.4466930281516053,0.0006488388465653736,-35.65,-0.8668473375620569,0.38672076014980883
100000000000.0,0.001,0.01,100,data/BIT.xlsx,91011,挤出效应,1.3966666666666667,621.0171411563871,426.95666666666665,1.24,719.6466666666666,462.6066666666667,0.15666666666666668,2.0014049804266345,0.04625216020783234,-98.62952551027956,-3.1755769381675316,0.0016514968823131664,-35.65,-0.8668473375620569,0.38672076014980883
100000000000.0,0.001,0.04,100,data/BIT.xlsx,91011,挤出效应,1.3966666666666667,621.0171411563871,426.95666666666665,1.24,719.6466666666666,462.6066666666667,0.15666666666666668,2.0014049804266345,0.04625216020783234,-98.62952551027956,-3.1755769381675316,0.0016514968823131664,-35.65,-0.8668473375620569,0.38672076014980883
100000000000.0,0.001,0.07,100,data/BIT.xlsx,91011,挤出效应,1.3966666666666667,621.0171411563871,426.95666666666665,1.24,719.6466666666666,462.6066666666667,0.15666666666666668,2.0014049804266345,0.04625216020783234,-98.62952551027956,-3.1755769381675316,0.0016514968823131664,-35.65,-0.8668473375620569,0.38672076014980883
100000000000.0,0.001,0.1,100,data/BIT.xlsx,91011,挤出效应,1.3966666666666667,621.0171411563871,426.95666666666665,1.24,719.6466666666666,462.6066666666667,0.15666666666666668,2.0014049804266345,0.04625216020783234,-98.62952551027956,-3.1755769381675316,0.0016514968823131664,-35.65,-0.8668473375620569,0.38672076014980883
100000000000.0,0.004,0.01,100,data/BIT.xlsx,91011,挤出效应,1.3966666666666667,621.0260786936755,426.95666666666665,1.24,719.6466666666666,462.6066666666667,0.15666666666666668,2.0014049804266345,0.04625216020783234,-98.6205879729912,-3.1752891760886803,0.001653081563376767,-35.65,-0.8668473375620569,0.38672076014980883
100000000000.0,0.004,0.04,100,data/BIT.xlsx,91011,挤出效应,1.3966666666666667,621.0260786936755,426.95666666666665,1.24,719.6466666666666,462.6066666666667,0.15666666666666668,2.0014049804266345,0.04625216020783234,-98.6205879729912,-3.1752891760886803,0.001653081563376767,-35.65,-0.8668473375620569,0.38672076014980883
100000000000.0,0.004,0.07,100,data/BIT.xlsx,91011,挤出效应,1.3966666666666667,621.0260786936755,426.95666666666665,1.24,719.6466666666666,462.6066666666667,0.15666666666666668,2.0014049804266345,0.04625216020783234,-98.6205879729912,-3.1752891760886803,0.001653081563376767,-35.65,-0.8668473375620569,0.38672076014980883
100000000000.0,0.004,0.1,100,data/BIT.xlsx,91011,挤出效应,1.3966666666666667,621.0260786936755,426.95666666666665,1.24,719.6466666666666,462.6066666666667,0.15666666666666668,2.0014049804266345,0.04625216020783234,-98.6205879729912,-3.1752891760886803,0.001653081563376767,-35.65,-0.8668473375620569,0.38672076014980883
100000000000.0,0.007,0.01,100,data/BIT.xlsx,91011,挤出效应,1.3966666666666667,621.0260786936755,426.95666666666665,1.24,719.6466666666666,462.6066666666667,0.15666666666666668,2.0014049804266345,0.04625216020783234,-98.6205879729912,-3.1752891760886803,0.001653081563376767,-35.65,-0.8668473375620569,0.38672076014980883
100000000000.0,0.007,0.04,100,data/BIT.xlsx,91011,挤出效应,1.3966666666666667,621.0260786936755,426.95666666666665,1.24,719.6466666666666,462.6066666666667,0.15666666666666668,2.0014049804266345,0.04625216020783234,-98.6205879729912,-3.1752891760886803,0.001653081563376767,-35.65,-0.8668473375620569,0.38672076014980883
100000000000.0,0.007,0.07,100,data/BIT.xlsx,91011,挤出效应,1.3966666666666667,621.0260786936755,426.95666666666665,1.24,719.6466666666666,462.6066666666667,0.15666666666666668,2.0014049804266345,0.04625216020783234,-98.6205879729912,-3.1752891760886803,0.001653081563376767,-35.65,-0.8668473375620569,0.38672076014980883
100000000000.0,0.007,0.1,100,data/BIT.xlsx,91011,挤出效应,1.3966666666666667,621.0260786936755,426.95666666666665,1.24,719.6466666666666,462.6066666666667,0.15666666666666668,2.0014049804266345,0.04625216020783234,-98.6205879729912,-3.1752891760886803,0.001653081563376767,-35.65,-0.8668473375620569,0.38672076014980883
100000000000.0,0.01,0.01,100,data/BIT.xlsx,91011,挤出效应,1.3966666666666667,621.0260786936755,426.95666666666665,1.24,719.6466666666666,462.6066666666667,0.15666666666666668,2.0014049804266345,0.04625216020783234,-98.6205879729912,-3.1752891760886803,0.001653081563376767,-35.65,-0.8668473375620569,0.38672076014980883
100000000000.0,0.01,0.04,100,data/BIT.xlsx,91011,挤出效应,1.3966666666666667,621.0260786936755,426.95666666666665,1.24,719.6466666666666,462.6066666666667,0.15666666666666668,2.0014049804266345,0.04625216020783234,-98.6205879729912,-3.1752891760886803,0.001653081563376767,-35.65,-0.8668473375620569,0.38672076014980883
100000000000.0,0.01,0.07,100,data/BIT.xlsx,91011,挤出效应,1.3966666666666667,621.0260786936755,426.95666666666665,1.24,719.6466666666666,462.6066666666667,0.15666666666666668,2.0014049804266345,0.04625216020783234,-98.6205879729912,-3.1752891760886803,0.001653081563376767,-35.65,-0.8668473375620569,0.38672076014980883
100000000000.0,0.01,0.1,100,data/BIT.xlsx,91011,挤出效应,1.3966666666666667,621.0260786936755,426.95666666666665,1.24,719.6466666666666,462.6066666666667,0.15666666666666668,2.0014049804266345,0.04625216020783234,-98.6205879729912,-3.1752891760886803,0.001653081563376767,-35.65,-0.8668473375620569,0.38672076014980883
10000000000000.0,0.001,0.01,100,data/BIT.xlsx,91011,挤出效应,1.3966666666666667,705.2314115638712,426.95666666666665,1.24,719.6466666666666,462.6066666666667,0.15666666666666668,2.0014049804266345,0.04625216020783234,-14.415255102795346,-0.4641282762479445,0.642893579382615,-35.65,-0.8668473375620569,0.38672076014980883
10000000000000.0,0.001,0.04,100,data/BIT.xlsx,91011,挤出效应,1.3966666666666667,705.2314115638712,426.95666666666665,1.24,719.6466666666666,462.6066666666667,0.15666666666666668,2.0014049804266345,0.04625216020783234,-14.415255102795346,-0.4641282762479445,0.642893579382615,-35.65,-0.8668473375620569,0.38672076014980883
10000000000000.0,0.001,0.07,100,data/BIT.xlsx,91011,挤出效应,1.3966666666666667,705.2314115638712,426.95666666666665,1.24,719.6466666666666,462.6066666666667,0.15666666666666668,2.0014049804266345,0.04625216020783234,-14.415255102795346,-0.4641282762479445,0.642893579382615,-35.65,-0.8668473375620569,0.38672076014980883
10000000000000.0,0.001,0.1,100,data/BIT.xlsx,91011,挤出效应,1.3966666666666667,705.2314115638712,426.95666666666665,1.24,719.6466666666666,462.6066666666667,0.15666666666666668,2.0014049804266345,0.04625216020783234,-14.415255102795346,-0.4641282762479445,0.642893579382615,-35.65,-0.8668473375620569,0.38672076014980883
10000000000000.0,0.004,0.01,100,data/BIT.xlsx,91011,挤出效应,1.3966666666666667,705.3207869367551,426.95666666666665,1.24,719.6466666666666,462.6066666666667,0.15666666666666668,2.0014049804266345,0.04625216020783234,-14.325879729911673,-0.46125065545943206,0.644954135194763,-35.65,-0.8668473375620569,0.38672076014980883
10000000000000.0,0.004,0.04,100,data/BIT.xlsx,91011,挤出效应,1.3966666666666667,705.3207869367551,426.95666666666665,1.24,719.6466666666666,462.6066666666667,0.15666666666666668,2.0014049804266345,0.04625216020783234,-14.325879729911673,-0.46125065545943206,0.644954135194763,-35.65,-0.8668473375620569,0.38672076014980883
10000000000000.0,0.004,0.07,100,data/BIT.xlsx,91011,挤出效应,1.3966666666666667,705.3207869367551,426.95666666666665,1.24,719.6466666666666,462.6066666666667,0.15666666666666668,2.0014049804266345,0.04625216020783234,-14.325879729911673,-0.46125065545943206,0.644954135194763,-35.65,-0.8668473375620569,0.38672076014980883
10000000000000.0,0.004,0.1,100,data/BIT.xlsx,91011,挤出效应,1.3966666666666667,705.3207869367551,426.95666666666665,1.24,719.6466666666666,462.6066666666667,0.15666666666666668,2.0014049804266345,0.04625216020783234,-14.325879729911673,-0.46125065545943206,0.644954135194763,-35.65,-0.8668473375620569,0.38672076014980883
10000000000000.0,0.007,0.01,100,data/BIT.xlsx,91011,挤出效应,1.3966666666666667,705.3207869367551,426.95666666666665,1.24,719.6466666666666,462.6066666666667,0.15666666666666668,2.0014049804266345,0.04625216020783234,-14.325879729911673,-0.46125065545943206,0.644954135194763,-35.65,-0.8668473375620569,0.38672076014980883
10000000000000.0,0.007,0.04,100,data/BIT.xlsx,91011,挤出效应,1.3966666666666667,705.3207869367551,426.95666666666665,1.24,719.6466666666666,462.6066666666667,0.15666666666666668,2.0014049804266345,0.04625216020783234,-14.325879729911673,-0.46125065545943206,0.644954135194763,-35.65,-0.8668473375620569,0.38672076014980883
10000000000000.0,0.007,0.07,100,data/BIT.xlsx,91011,挤出效应,1.3966666666666667,705.3207869367551,426.95666666666665,1.24,719.6466666666666,462.6066666666667,0.15666666666666668,2.0014049804266345,0.04625216020783234,-14.325879729911673,-0.46125065545943206,0.644954135194763,-35.65,-0.8668473375620569,0.38672076014980883
10000000000000.0,0.007,0.1,100,data/BIT.xlsx,91011,挤出效应,1.3966666666666667,705.3207869367551,426.95666666666665,1.24,719.6466666666666,462.6066666666667,0.15666666666666668,2.0014049804266345,0.04625216020783234,-14.325879729911673,-0.46125065545943206,0.644954135194763,-35.65,-0.8668473375620569,0.38672076014980883
10000000000000.0,0.01,0.01,100,data/BIT.xlsx,91011,挤出效应,1.3966666666666667,705.3207869367551,426.95666666666665,1.24,719.6466666666666,462.6066666666667,0.15666666666666668,2.0014049804266345,0.04625216020783234,-14.325879729911673,-0.46125065545943206,0.644954135194763,-35.65,-0.8668473375620569,0.38672076014980883
10000000000000.0,0.01,0.04,100,data/BIT.xlsx,91011,挤出效应,1.3966666666666667,705.3207869367551,426.95666666666665,1.24,719.6466666666666,462.6066666666667,0.15666666666666668,2.0014049804266345,0.04625216020783234,-14.325879729911673,-0.46125065545943206,0.644954135194763,-35.65,-0.8668473375620569,0.38672076014980883
10000000000000.0,0.01,0.07,100,data/BIT.xlsx,91011,挤出效应,1.3966666666666667,705.3207869367551,426.95666666666665,1.24,719.6466666666666,462.6066666666667,0.15666666666666668,2.0014049804266345,0.04625216020783234,-14.325879729911673,-0.46125065545943206,0.644954135194763,-35.65,-0.8668473375620569,0.38672076014980883
10000000000000.0,0.01,0.1,100,data/BIT.xlsx,91011,挤出效应,1.3966666666666667,705.3207869367551,426.95666666666665,1.24,719.6466666666666,462.6066666666667,0.15666666666666668,2.0014049804266345,0.04625216020783234,-14.325879729911673,-0.46125065545943206,0.644954135194763,-35.65,-0.8668473375620569,0.38672076014980883
1000000000000000.0,0.001,0.01,100,data/BIT.xlsx,91011,混合效应 (恶化价差/增加流动性),1.3966666666666667,1547.3741156387134,426.95666666666665,1.24,719.6466666666666,462.6066666666667,0.15666666666666668,2.0014049804266345,0.04625216020783234,827.7274489720465,26.65035834294791,5.688519746104917e-81,-35.65,-0.8668473375620569,0.38672076014980883
1000000000000000.0,0.001,0.04,100,data/BIT.xlsx,91011,混合效应 (恶化价差/增加流动性),1.3966666666666667,1547.3741156387134,426.95666666666665,1.24,719.6466666666666,462.6066666666667,0.15666666666666668,2.0014049804266345,0.04625216020783234,827.7274489720465,26.65035834294791,5.688519746104917e-81,-35.65,-0.8668473375620569,0.38672076014980883
1000000000000000.0,0.001,0.07,100,data/BIT.xlsx,91011,混合效应 (恶化价差/增加流动性),1.3966666666666667,1547.3741156387134,426.95666666666665,1.24,719.6466666666666,462.6066666666667,0.15666666666666668,2.0014049804266345,0.04625216020783234,827.7274489720465,26.65035834294791,5.688519746104917e-81,-35.65,-0.8668473375620569,0.38672076014980883
1000000000000000.0,0.001,0.1,100,data/BIT.xlsx,91011,混合效应 (恶化价差/增加流动性),1.3966666666666667,1547.3741156387134,426.95666666666665,1.24,719.6466666666666,462.6066666666667,0.15666666666666668,2.0014049804266345,0.04625216020783234,827.7274489720465,26.65035834294791,5.688519746104917e-81,-35.65,-0.8668473375620569,0.38672076014980883
1000000000000000.0,0.004,0.01,100,data/BIT.xlsx,91011,混合效应 (恶化价差/增加流动性),1.3966666666666667,1548.2678693675498,426.95666666666665,1.24,719.6466666666666,462.6066666666667,0.15666666666666668,2.0014049804266345,0.04625216020783234,828.6212027008831,26.679134550833037,4.531175086023695e-81,-35.65,-0.8668473375620569,0.38672076014980883
1000000000000000.0,0.004,0.04,100,data/BIT.xlsx,91011,混合效应 (恶化价差/增加流动性),1.3966666666666667,1548.2678693675498,426.95666666666665,1.24,719.6466666666666,462.6066666666667,0.15666666666666668,2.0014049804266345,0.04625216020783234,828.6212027008831,26.679134550833037,4.531175086023695e-81,-35.65,-0.8668473375620569,0.38672076014980883
1000000000000000.0,0.004,0.07,100,data/BIT.xlsx,91011,混合效应 (恶化价差/增加流动性),1.3966666666666667,1548.2678693675498,426.95666666666665,1.24,719.6466666666666,462.6066666666667,0.15666666666666668,2.0014049804266345,0.04625216020783234,828.6212027008831,26.679134550833037,4.531175086023695e-81,-35.65,-0.8668473375620569,0.38672076014980883
1000000000000000.0,0.004,0.1,100,data/BIT.xlsx,91011,混合效应 (恶化价差/增加流动性),1.3966666666666667,1548.2678693675498,426.95666666666665,1.24,719.6466666666666,462.6066666666667,0.15666666666666668,2.0014049804266345,0.04625216020783234,828.6212027008831,26.679134550833037,4.531175086023695e-81,-35.65,-0.8668473375620569,0.38672076014980883
1000000000000000.0,0.007,0.01,100,data/BIT.xlsx,91011,混合效应 (恶化价差/增加流动性),1.3966666666666667,1548.2678693675498,426.95666666666665,1.24,719.6466666666666,462.6066666666667,0.15666666666666668,2.0014049804266345,0.04625216020783234,828.6212027008831,26.679134550833037,4.531175086023695e-81,-35.65,-0.8668473375620569,0.38672076014980883
1000000000000000.0,0.007,0.04,100,data/BIT.xlsx,91011,混合效应 (恶化价差/增加流动性),1.3966666666666667,1548.2678693675498,426.95666666666665,1.24,719.6466666666666,462.6066666666667,0.15666666666666668,2.0014049804266345,0.04625216020783234,828.6212027008831,26.679134550833037,4.531175086023695e-81,-35.65,-0.8668473375620569,0.38672076014980883
1000000000000000.0,0.007,0.07,100,data/BIT.xlsx,91011,混合效应 (恶化价差/增加流动性),1.3966666666666667,1548.2678693675498,426.95666666666665,1.24,719.6466666666666,462.6066666666667,0.15666666666666668,2.0014049804266345,0.04625216020783234,828.6212027008831,26.679134550833037,4.531175086023695e-81,-35.65,-0.8668473375620569,0.38672076014980883
1000000000000000.0,0.007,0.1,100,data/BIT.xlsx,91011,混合效应 (恶化价差/增加流动性),1.3966666666666667,1548.2678693675498,426.95666666666665,1.24,719.6466666666666,462.6066666666667,0.15666666666666668,2.0014049804266345,0.04625216020783234,828.6212027008831,26.679134550833037,4.531175086023695e-81,-35.65,-0.8668473375620569,0.38672076014980883
1000000000000000.0,0.01,0.01,100,data/BIT.xlsx,91011,混合效应 (恶化价差/增加流动性),1.3966666666666667,1548.2678693675498,426.95666666666665,1.24,719.6466666666666,462.6066666666667,0.15666666666666668,2.0014049804266345,0.04625216020783234,828.6212027008831,26.679134550833037,4.531175086023695e-81,-35.65,-0.8668473375620569,0.38672076014980883
1000000000000000.0,0.01,0.04,100,data/BIT.xlsx,91011,混合效应 (恶化价差/增加流动性),1.3966666666666667,1548.2678693675498,426.95666666666665,1.24,719.6466666666666,462.6066666666667,0.15666666666666668,2.0014049804266345,0.04625216020783234,828.6212027008831,26.679134550833037,4.531175086023695e-81,-35.65,-0.8668473375620569,0.38672076014980883
1000000000000000.0,0.01,0.07,100,data/BIT.xlsx,91011,混合效应 (恶化价差/增加流动性),1.3966666666666667,1548.2678693675498,426.95666666666665,1.24,719.6466666666666,462.6066666666667,0.15666666666666668,2.0014049804266345,0.04625216020783234,828.6212027008831,26.679134550833037,4.531175086023695e-81,-35.65,-0.8668473375620569,0.38672076014980883
1000000000000000.0,0.01,0.1,100,data/BIT.xlsx,91011,混合效应 (恶化价差/增加流动性),1.3966666666666667,1548.2678693675498,426.95666666666665,1.24,719.6466666666666,462.6066666666667,0.15666666666666668,2.0014049804266345,0.04625216020783234,828.6212027008831,26.679134550833037,4.531175086023695e-81,-35.65,-0.8668473375620569,0.38672076014980883
1000000000.0,0.001,0.01,150,data/ETH1.xlsx,5678,混合效应,2.941225449022768,414.9112372521418,615.5833333333334,6.08,637.8533333333334,913.51,-3.138774550977232,-2.30532196194624,0.02183303223691053,-222.94209608119152,-4.465479207088174,1.1337672969264386e-05,-297.9266666666667,-1.6796142387989834,0.09407693170238404
1000000000.0,0.001,0.04,150,data/ETH1.xlsx,5678,混合效应,6.2333059310208485,396.05478331832603,661.9333333333333,6.08,637.8533333333334,913.51,0.15330593102084852,0.08462276344630923,0.9326179326946952,-241.7985500150073,-4.732260715325206,3.430290839054311e-06,-251.57666666666665,-1.4098892978355202,0.15961170774659345
1000000000.0,0.001,0.07,150,data/ETH1.xlsx,5678,挤出效应,11.101137635543985,395.1092829060583,773.7633333333333,6.08,637.8533333333334,913.51,5.021137635543986,1.9961721881409542,0.04682184859800385,-242.74405042727497,-5.5195988598224535,7.374588990727161e-08,-139.74666666666667,-0.9081752924942716,0.3645170101406602
1000000000.0,0.001,0.1,150,data/ETH1.xlsx,5678,挤出效应,19.159019331233292,362.70784637732424,760.6766666666666,6.08,637.8533333333334,913.51,13.079019331233292,3.585908196500283,0.00039220767983738766,-275.145486956009,-6.217875832586484,1.6926866655452196e-09,-152.83333333333334,-0.9927819837789712,0.32161894719697015
1000000000.0,0.004,0.01,150,data/ETH1.xlsx,5678,混合效应,4.183100458308936,386.1362511929126,734.45,6.08,637.8533333333334,913.51,-1.896899541691064,-1.3607561732035305,0.17461555467848372,-251.71708214042079,-5.102737963874128,5.961758578694957e-07,-179.06,-0.8538238044686727,0.3938861404753825
1000000000.0,0.004,0.04,150,data/ETH1.xlsx,5678,混合效应,7.3663129856127565,385.9922363869888,812.2066666666667,6.08,637.8533333333334,913.51,1.2863129856127564,0.7644293486154511,0.4452142789726762,-251.86109694634447,-5.688626294907314,3.050216987504675e-08,-101.30333333333333,-0.6494679228673126,0.5165345727390311
1000000000.0,0.004,0.07,150,data/ETH1.xlsx,5678,挤出效应,14.152145358469886,373.63982746099396,752.4833333333333,6.08,637.8533333333334,913.51,8.072145358469886,2.570234804881218,0.010647092475806162,-264.21350587233934,-6.041241422682344,4.537493083189029e-09,-161.02666666666667,-1.0469066521015016,0.2959881862299721
1000000000.0,0.004,0.1,150,data/ETH1.xlsx,5678,挤出效应,15.32022810416106,357.122493383208,749.1166666666667,6.08,637.8533333333334,913.51,9.24022810416106,3.108280598989108,0.0020628489871904756,-280.7308399501253,-6.352690355355252,7.8653682671754e-10,-164.39333333333335,-1.0677115921143372,0.2865119203816091
1000000000.0,0.007,0.01,150,data/ETH1.xlsx,5678,混合效应,3.825993327625412,545.4607300584454,810.77,6.08,637.8533333333334,913.51,-2.254006672374588,-1.605343055471963,0.10947394708732627,-92.39260327488795,-1.426557814673819,0.1547507171837639,-102.74,-0.48557955107554834,0.6276209209059057
1000000000.0,0.007,0.04,150,data/ETH1.xlsx,5678,混合效应,7.829860151510793,416.6321048317168,806.8,6.08,637.8533333333334,913.51,1.749860151510793,1.076960076147297,0.28236625129016985,-221.22122850161648,-4.89269217290285,1.6282999801399968e-06,-106.71,-0.6881278216799405,0.49190579615918706
1000000000.0,0.007,0.07,150,data/ETH1.xlsx,5678,挤出效应,12.2183132882525,341.2416087484035,731.5466666666666,6.08,637.8533333333334,913.51,6.138313288252499,2.484784782757037,0.013509929895482461,-296.6117245849298,-6.228977549383081,1.589869554146808e-09,-181.96333333333334,-1.179659668868912,0.23907333851959348
1000000000.0,0.007,0.1,150,data/ETH1.xlsx,5678,挤出效应,17.303230691488963,385.19574207789566,744.2966666666666,6.08,637.8533333333334,913.51,11.223230691488963,2.9978889380098406,0.0029467397536141336,-252.65759125543767,-5.766092583891118,2.0216796693651324e-08,-169.21333333333334,-1.106499495086474,0.26939981907415544
1000000000.0,0.01,0.01,150,data/ETH1.xlsx,5678,混合效应,4.100685249625358,435.5275778255932,638.4233333333333,6.08,637.8533333333334,913.51,-1.9793147503746422,-1.4054690074810534,0.16092005455841196,-202.32575550774018,-3.9380733803956844,0.00010226289978364049,-275.08666666666664,-1.5625511129485388,0.11921596986460775
1000000000.0,0.01,0.04,150,data/ETH1.xlsx,5678,混合效应,6.1101223789347765,358.91205828033696,633.2566666666667,6.08,637.8533333333334,913.51,0.03012237893477656,0.019918436685951734,0.9841217229061251,-278.94127505299633,-5.613830830437771,4.519251397171617e-08,-280.25333333333333,-1.5725284776958526,0.11688557985364828
1000000000.0,0.01,0.07,150,data/ETH1.xlsx,5678,混合效应,8.94756810931009,360.3801996578136,623.94,6.08,637.8533333333334,913.51,2.8675681093100898,1.4535509797103476,0.14711960290276754,-277.47313367551976,-5.580567998192551,5.375859620664263e-08,-289.57,-1.643797437352948,0.10126908035279177
1000000000.0,0.01,0.1,150,data/ETH1.xlsx,5678,挤出效应,15.320544826185456,358.0136855022742,724.47,6.08,637.8533333333334,913.51,9.240544826185458,3.0532639851750885,0.002467222251955749,-279.8396478310591,-6.1242989873842735,2.861342402630567e-09,-189.04,-1.2477048342636183,0.213115451610726
100000000000.0,0.001,0.01,150,data/ETH1.xlsx,5678,混合效应,2.8233183749513775,462.37046942633657,617.0666666666667,6.08,637.8533333333334,913.51,-3.2566816250486226,-2.387487018763098,0.017585044414214632,-175.48286390699678,-3.4772123697554913,0.0005818407244172426,-296.4433333333333,-1.6735081570001689,0.0952730940957964
100000000000.0,0.001,0.04,150,data/ETH1.xlsx,5678,混合效应,6.298254619950555,437.5751567393608,796.2133333333334,6.08,637.8533333333334,913.51,0.21825461995055473,0.12822161184339761,0.8980597955624798,-200.27817659397246,-4.560745757846919,7.444886551052595e-06,-117.29666666666667,-0.7464665415710152,0.45597215236114963
100000000000.0,0.001,0.07,150,data/ETH1.xlsx,5678,挤出效应,13.985856636199042,416.9172260860084,762.33,6.08,637.8533333333334,913.51,7.90585663619904,2.5596174205597113,0.010970530280583222,-220.93610724732494,-5.0829495853444575,6.562835428019095e-07,-151.18,-0.9824022929168632,0.3266959431748112
100000000000.0,0.001,0.1,150,data/ETH1.xlsx,5678,挤出效应,20.377908766420006,409.82061547741654,768.37,6.08,637.8533333333334,913.51,14.297908766420004,3.1249727656910786,0.0019528229494036361,-228.03271785591684,-5.124780824351867,5.354964858547856e-07,-145.14,-0.9403358020702304,0.3478043895723538
100000000000.0,0.004,0.01,150,data/ETH1.xlsx,5678,混合效应,3.4844661262862897,465.2844894782639,603.21,6.08,637.8533333333334,913.51,-2.5955338737137104,-1.8907338242768383,0.05962658549745398,-172.56884385506945,-3.3714342744282972,0.0008461078997978271,-310.3,-1.7487648715922672,0.08135785163009981
100000000000.0,0.004,0.04,150,data/ETH1.xlsx,5678,混合效应,8.88825796169742,429.53090193754866,789.78,6.08,637.8533333333334,913.51,2.8082579616974197,1.485008704007085,0.13859501894449963,-208.32243139578466,-4.7779273649564145,2.780238352535594e-06,-123.73,-0.7879004317046749,0.4313791168246893
100000000000.0,0.004,0.07,150,data/ETH1.xlsx,5678,挤出效应,14.05237913992125,415.1095162131814,759.2433333333333,6.08,637.8533333333334,913.51,7.972379139921251,2.4118392539010904,0.016474605679638384,-222.74381712015193,-5.130667234209321,5.203329435301508e-07,-154.26666666666668,-1.0026562631135076,0.3168374727091753
100000000000.0,0.004,0.1,150,data/ETH1.xlsx,5678,挤出效应,18.185407335351844,413.60625697323906,766.62,6.08,637.8533333333334,913.51,12.105407335351842,2.7945877074245495,0.005532445585632536,-224.24707636009427,-5.040986699254629,8.037845891717311e-07,-146.89,-0.9516932272358587,0.3420212540944124
100000000000.0,0.007,0.01,150,data/ETH1.xlsx,5678,混合效应,4.303327269034491,454.64062013972466,624.3166666666667,6.08,637.8533333333334,913.51,-1.7766727309655093,-1.2552878741294735,0.21035443717230412,-183.21271319360872,-3.6750587070531324,0.0002817606024785098,-289.1933333333333,-1.6434203906681464,0.10134707066301736
100000000000.0,0.007,0.04,150,data/ETH1.xlsx,5678,混合效应,6.939242310121593,393.8517594222939,704.34,6.08,637.8533333333334,913.51,0.859242310121593,0.5138721129846394,0.6077209515507482,-244.0015739110394,-4.864143273891505,1.8618162089045078e-06,-209.17,-1.0788411543485357,0.281528078120826
100000000000.0,0.007,0.07,150,data/ETH1.xlsx,5678,挤出效应,12.712486731594053,409.95769996499456,751.9333333333333,6.08,637.8533333333334,913.51,6.632486731594054,2.2829162925490234,0.023137049129797155,-227.89563336833874,-4.786200912516499,2.6759411778288466e-06,-161.57666666666665,-1.045727061254832,0.29653171262148226
100000000000.0,0.007,0.1,150,data/ETH1.xlsx,5678,挤出效应,14.932979284520734,424.29721283615805,788.4433333333334,6.08,637.8533333333334,913.51,8.852979284520735,2.764913988009803,0.006047586406005871,-213.55612049717527,-4.881895351658748,1.7130779986316424e-06,-125.06666666666666,-0.8102636306202813,0.41843308228246334
100000000000.0,0.01,0.01,150,data/ETH1.xlsx,5678,混合效应,4.502068334193629,463.4551812224063,638.07,6.08,637.8533333333334,913.51,-1.5779316658063711,-1.1032151722353376,0.2708208514722616,-174.39815211092704,-3.4299649730827433,0.0006885549848286885,-275.44,-1.564668877123418,0.1187182935806374
100000000000.0,0.01,0.04,150,data/ETH1.xlsx,5678,混合效应,8.346311317618724,423.7544715690983,752.1466666666666,6.08,637.8533333333334,913.51,2.266311317618724,1.3552324698489233,0.17636641166183117,-214.09886176423504,-5.102901735847569,5.957013757895373e-07,-161.36333333333334,-1.0501317947414004,0.2945055429228004
100000000000.0,0.01,0.07,150,data/ETH1.xlsx,5678,挤出效应,11.883436410661783,385.2851178989259,695.4933333333333,6.08,637.8533333333334,913.51,5.803436410661782,2.1279376928027274,0.034160074662795095,-252.5682154344075,-5.113941870088505,5.645456192669564e-07,-218.01666666666668,-1.1110803890159844,0.26742639927791617
100000000000.0,0.01,0.1,150,data/ETH1.xlsx,5678,挤出效应,14.956602613872711,430.2820965514341,764.3433333333334,6.08,637.8533333333334,913.51,8.87660261387271,2.7239724665201575,0.006829652717258536,-207.57123678189922,-4.527343753530564,8.634784657049217e-06,-149.16666666666666,-0.9797194476192954,0.3280166620576199
10000000000000.0,0.001,0.01,150,data/ETH1.xlsx,5678,混合效应,3.6594062380257126,1056.7125652334769,790.5266666666666,6.08,637.8533333333334,913.51,-2.420593761974287,-1.7598495017687301,0.07945588009098732,418.8592319001434,5.845390571060958,1.3213062300731634e-08,-122.98333333333333,-0.5831507829412134,0.5602313691689441
10000000000000.0,0.001,0.04,150,data/ETH1.xlsx,5678,混合效应 (恶化价差/增加流动性),11.303122002544718,850.9332188251695,734.8733333333333,6.08,637.8533333333334,913.51,5.223122002544719,2.480972838444315,0.013652248451590115,213.07988549183614,4.213446389021062,3.33372020913835e-05,-178.63666666666666,-0.8236241775617177,0.41080958983678983
10000000000000.0,0.001,0.07,150,data/ETH1.xlsx,5678,混合效应,10.275383668209995,857.1198750286968,725.97,6.08,637.8533333333334,913.51,4.195383668209995,1.7303005276998844,0.08460840608530017,219.26654169536346,4.396619444760922,1.5298484828186114e-05,-187.54,-0.8656571021039052,0.3873722743869449
10000000000000.0,0.001,0.1,150,data/ETH1.xlsx,5678,混合效应 (恶化价差/增加流动性),11.918802425661289,854.4340353934097,730.97,6.08,637.8533333333334,913.51,5.83880242566129,2.271712536762878,0.02381423883675416,216.58070206007625,4.320420239855577,2.1220943733263025e-05,-182.54,-0.8414919337653856,0.4007449010231571
10000000000000.0,0.004,0.01,150,data/ETH1.xlsx,5678,混合效应,3.567718824833467,948.877818599164,741.6933333333334,6.08,637.8533333333334,913.51,-2.5122811751665326,-1.8305619572460372,0.06816118344951645,311.02448526583066,5.80628128889454,1.6305564625011736e-08,-171.81666666666666,-0.83520509789559,0.4042691039288411
10000000000000.0,0.004,0.04,150,data/ETH1.xlsx,5678,混合效应 (恶化价差/增加流动性),9.70686869108516,855.0758716097641,754.5233333333333,6.08,637.8533333333334,913.51,3.62686869108516,2.0516852731054325,0.04107105138335291,217.22253827643073,4.245726799993755,2.9117096842234677e-05,-158.98666666666668,-0.732179199406641,0.46463271618285806
10000000000000.0,0.004,0.07,150,data/ETH1.xlsx,5678,混合效应 (恶化价差/增加流动性),12.851057872845933,845.2175977116943,719.0166666666667,6.08,637.8533333333334,913.51,6.771057872845933,2.4917845356527972,0.01325202215401139,207.36426437836096,4.14815733810302,4.3724081409054536e-05,-194.49333333333334,-0.8970835610362592,0.3703960591032117
10000000000000.0,0.004,0.1,150,data/ETH1.xlsx,5678,混合效应 (恶化价差/增加流动性),14.633669073707102,844.2473452963158,723.91,6.08,637.8533333333334,913.51,8.553669073707102,3.2881017906573553,0.0011290197553093097,206.39401196298235,4.143910393507451,4.449711797857603e-05,-189.6,-0.8741443956599303,0.3827411833639467
10000000000000.0,0.007,0.01,150,data/ETH1.xlsx,5678,混合效应,4.762573346083688,906.0183743344562,728.5433333333333,6.08,637.8533333333334,913.51,-1.3174266539163122,-0.9161332488217483,0.3603353014105247,268.1650410011227,5.363953363881644,1.6330843818091885e-07,-184.96666666666667,-0.8936996273180047,0.3722013934765285
10000000000000.0,0.007,0.04,150,data/ETH1.xlsx,5678,混合效应,8.673436133794635,840.5796145026654,742.91,6.08,637.8533333333334,913.51,2.5934361337946346,1.3886324068411688,0.16597810780999925,202.72628116933208,3.992233790268187,8.242514527480211e-05,-170.6,-0.7863774034915839,0.4322692045615518
10000000000000.0,0.007,0.07,150,data/ETH1.xlsx,5678,混合效应 (恶化价差/增加流动性),10.59255242259332,851.3224716126834,723.0833333333334,6.08,637.8533333333334,913.51,4.51255242259332,2.1259468421501815,0.03432693902778245,213.4691382793501,4.277321075405514,2.5484141058691344e-05,-190.42666666666668,-0.8780381167685237,0.38062803364853226
10000000000000.0,0.007,0.1,150,data/ETH1.xlsx,5678,混合效应 (恶化价差/增加流动性),11.996996989153951,853.0219320785378,726.67,6.08,637.8533333333334,913.51,5.916996989153951,2.7037910857191894,0.007247816214691739,215.16859874520443,4.29850550261407,2.3295409511063687e-05,-186.84,-0.8615157566729067,0.3896444118566117
10000000000000.0,0.01,0.01,150,data/ETH1.xlsx,5678,混合效应,5.641970103385188,1033.0269331256513,781.9666666666667,6.08,637.8533333333334,913.51,-0.43802989661481206,-0.3000189577344698,0.7643711670798196,395.1735997923181,11.090773779185117,3.596005313889619e-24,-131.54333333333332,-0.8277047919864219,0.40849783189425826
10000000000000.0,0.01,0.04,150,data/ETH1.xlsx,5678,混合效应,7.604773434587366,854.1496346701562,759.96,6.08,637.8533333333334,913.51,1.5247734345873656,0.8898198911126192,0.3742779720009297,216.29630133682272,4.286540576460604,2.450846786316781e-05,-153.55,-0.7291563527915381,0.46647679466713365
10000000000000.0,0.01,0.07,150,data/ETH1.xlsx,5678,混合效应 (恶化价差/增加流动性),11.029386631200401,856.3751935549533,733.9866666666667,6.08,637.8533333333334,913.51,4.949386631200402,2.131862171289127,0.03383318180182702,218.52186022161996,4.366410118885916,1.742718575516333e-05,-179.52333333333334,-0.8277902895027796,0.4084494790847336
10000000000000.0,0.01,0.1,150,data/ETH1.xlsx,5678,混合效应 (恶化价差/增加流动性),14.818903085103535,848.6284200907226,716.8866666666667,6.08,637.8533333333334,913.51,8.738903085103535,3.1928812091909258,0.0015587457277177036,210.7750867573892,4.221959449693335,3.217081392753078e-05,-196.62333333333333,-0.906582673543924,0.36535753800843285
1000000000000000.0,0.001,0.01,150,data/ETH1.xlsx,5678,混合效应,2.9817523770432626,5614.292986787043,588.81,6.08,637.8533333333334,913.51,-3.0982476229567375,-2.247900885746759,0.02531110157425859,4976.439653453711,106.23123584623742,1.7177034405036326e-239,-324.7,-1.628311049571321,0.10451212539998965
1000000000000000.0,0.001,0.04,150,data/ETH1.xlsx,5678,混合效应,3.22776973220011,5614.663171558641,584.9733333333334,6.08,637.8533333333334,913.51,-2.85223026779989,-2.0721489882654542,0.03910850572705042,4976.809838225307,106.26260137573989,1.5761567569956505e-239,-328.5366666666667,-1.6476124844959092,0.10048265555346883
1000000000000000.0,0.001,0.07,150,data/ETH1.xlsx,5678,混合效应,3.22776973220011,5614.663171558641,584.9733333333334,6.08,637.8533333333334,913.51,-2.85223026779989,-2.0721489882654542,0.03910850572705042,4976.809838225307,106.26260137573989,1.5761567569956505e-239,-328.5366666666667,-1.6476124844959092,0.10048265555346883
1000000000000000.0,0.001,0.1,150,data/ETH1.xlsx,5678,混合效应,3.22776973220011,5614.663171558641,584.9733333333334,6.08,637.8533333333334,913.51,-2.85223026779989,-2.0721489882654542,0.03910850572705042,4976.809838225307,106.26260137573989,1.5761567569956505e-239,-328.5366666666667,-1.6476124844959092,0.10048265555346883
1000000000000000.0,0.004,0.01,150,data/ETH1.xlsx,5678,混合效应,3.652609370174802,5747.692874615892,752.8266666666667,6.08,637.8533333333334,913.51,-2.427390629825198,-1.7661874546320537,0.07838480146527452,5109.8395412825585,84.51444484971695,9.343637838779928e-211,-160.68333333333334,-0.6848666560737441,0.4939586188842582
1000000000000000.0,0.004,0.04,150,data/ETH1.xlsx,5678,混合效应,3.542492329137817,5608.962388157334,717.7966666666666,6.08,637.8533333333334,913.51,-2.537507670862183,-1.853321304690173,0.06482130053966535,4971.109054824001,105.04646295766965,4.502349899460951e-238,-195.71333333333334,-0.8263713444212367,0.40925240157706455
1000000000000000.0,0.004,0.07,150,data/ETH1.xlsx,5678,混合效应,3.542492329137817,5608.962388157334,717.7966666666666,6.08,637.8533333333334,913.51,-2.537507670862183,-1.853321304690173,0.06482130053966535,4971.109054824001,105.04646295766965,4.502349899460951e-238,-195.71333333333334,-0.8263713444212367,0.40925240157706455
1000000000000000.0,0.004,0.1,150,data/ETH1.xlsx,5678,混合效应,3.542492329137817,5608.962388157334,717.7966666666666,6.08,637.8533333333334,913.51,-2.537507670862183,-1.853321304690173,0.06482130053966535,4971.109054824001,105.04646295766965,4.502349899460951e-238,-195.71333333333334,-0.8263713444212367,0.40925240157706455
1000000000000000.0,0.007,0.01,150,data/ETH1.xlsx,5678,混合效应,4.885896798227367,5687.761800448646,785.6833333333333,6.08,637.8533333333334,913.51,-1.1941032017726336,-0.853910332226846,0.39383826902424424,5049.908467115312,95.54331966473693,4.083887843280216e-226,-127.82666666666667,-0.519508152971749,0.6037907833608425
1000000000000000.0,0.007,0.04,150,data/ETH1.xlsx,5678,混合效应,4.3358510103461265,5614.677143381273,719.9033333333333,6.08,637.8533333333334,913.51,-1.744148989653874,-1.2143749241148656,0.2255628080497504,4976.823810047938,105.88276235714697,4.473022624917112e-239,-193.60666666666665,-0.8222308194810111,0.41160074283065895
1000000000000000.0,0.007,0.07,150,data/ETH1.xlsx,5678,混合效应,4.3358510103461265,5614.677143381273,719.9033333333333,6.08,637.8533333333334,913.51,-1.744148989653874,-1.2143749241148656,0.2255628080497504,4976.823810047938,105.88276235714697,4.473022624917112e-239,-193.60666666666665,-0.8222308194810111,0.41160074283065895
1000000000000000.0,0.007,0.1,150,data/ETH1.xlsx,5678,混合效应,4.3358510103461265,5614.677143381273,719.9033333333333,6.08,637.8533333333334,913.51,-1.744148989653874,-1.2143749241148656,0.2255628080497504,4976.823810047938,105.88276235714697,4.473022624917112e-239,-193.60666666666665,-0.8222308194810111,0.41160074283065895
1000000000000000.0,0.01,0.01,150,data/ETH1.xlsx,5678,混合效应,4.564023994573215,5867.0809697344375,824.2166666666667,6.08,637.8533333333334,913.51,-1.5159760054267857,-1.0488543124332967,0.29509222000727103,5229.227636401104,66.14786936574993,1.4617322101230489e-180,-89.29333333333334,-0.38605266433532937,0.6997322153633243
1000000000000000.0,0.01,0.04,150,data/ETH1.xlsx,5678,混合效应,5.672963515899687,5620.395624367475,746.7633333333333,6.08,637.8533333333334,913.51,-0.4070364841003129,-0.28340909010209364,0.777059389294273,4982.542291034141,103.83206007037707,1.3280777011504069e-236,-166.74666666666667,-0.7056429437423138,0.48095960530570503
1000000000000000.0,0.01,0.07,150,data/ETH1.xlsx,5678,混合效应,5.672963515899687,5620.395624367475,746.7633333333333,6.08,637.8533333333334,913.51,-0.4070364841003129,-0.28340909010209364,0.777059389294273,4982.542291034141,103.83206007037707,1.3280777011504069e-236,-166.74666666666667,-0.7056429437423138,0.48095960530570503
1000000000000000.0,0.01,0.1,150,data/ETH1.xlsx,5678,混合效应,5.672963515899687,5620.395624367475,746.7633333333333,6.08,637.8533333333334,913.51,-0.4070364841003129,-0.28340909010209364,0.777059389294273,4982.542291034141,103.83206007037707,1.3280777011504069e-236,-166.74666666666667,-0.7056429437423138,0.48095960530570503
1000000000.0,0.001,0.01,150,data/ETH1.xlsx,91011,混合效应,11.228924535986478,367.5365747209452,642.4766666666667,63.20666666666666,415.14,1035.6433333333334,-51.977742130680184,-7.961839643354447,3.5612115864991685e-14,-47.60342527905477,-1.0917546753577325,0.27581987605754854,-393.1666666666667,-1.1017413554100801,0.2714602050677875
1000000000.0,0.001,0.04,150,data/ETH1.xlsx,91011,混合效应,33.06303452813617,281.24887426058666,651.1833333333333,63.20666666666666,415.14,1035.6433333333334,-30.143632138530496,-4.67495071057897,4.455208214523179e-06,-133.89112573941338,-3.2938282472948295,0.0011070648368654327,-384.46,-1.0769076088309626,0.2823896540928248
1000000000.0,0.001,0.07,150,data/ETH1.xlsx,91011,混合效应,53.753364688598,263.56248030002956,645.1,63.20666666666666,415.14,1035.6433333333334,-9.453301978068675,-1.2630840154315304,0.20754304871502943,-151.57751969997045,-3.755860445151293,0.000207613623119385,-390.54333333333335,-1.0986085462598247,0.27282269237014006
1000000000.0,0.001,0.1,150,data/ETH1.xlsx,91011,混合效应,69.55252635474959,255.0592011483496,631.7733333333333,63.20666666666666,415.14,1035.6433333333334,6.3458596880829345,0.6662481346703143,0.5057662267705634,-160.08079885165046,-3.981573993343544,8.601505892175064e-05,-403.87,-1.129538920659274,0.2595759161183941
1000000000.0,0.004,0.01,150,data/ETH1.xlsx,91011,混合效应,9.867069731775386,343.78413008521164,655.9633333333334,63.20666666666666,415.14,1035.6433333333334,-53.33959693489128,-8.215605641151132,6.447973521007811e-15,-71.35586991478837,-1.6008678174822883,0.11046218823360408,-379.68,-1.060962271008937,0.28956328122731373
1000000000.0,0.004,0.04,150,data/ETH1.xlsx,91011,混合效应,29.60851322053475,303.89024857179055,672.95,63.20666666666666,415.14,1035.6433333333334,-33.59815344613192,-5.177231163441205,4.141965434299885e-07,-111.24975142820942,-2.688694665754894,0.007575566931341114,-362.6933333333333,-1.0156455981895587,0.3106193152250684
1000000000.0,0.004,0.07,150,data/ETH1.xlsx,91011,混合效应,51.04229754114841,252.4833447826478,603.2933333333333,63.20666666666666,415.14,1035.6433333333334,-12.16436912551826,-1.4327153127112189,0.15298389048999278,-162.65665521735215,-4.066477450083673,6.109546927045962e-05,-432.35,-1.2168127923814023,0.22463504862613776
1000000000.0,0.004,0.1,150,data/ETH1.xlsx,91011,混合效应,68.4510780405399,244.5756537712409,608.8366666666667,63.20666666666666,415.14,1035.6433333333334,5.244411373873221,0.6378968613686575,0.5240290326826251,-170.56434622875906,-4.279753038566072,2.522322791228356e-05,-426.8066666666667,-1.2013615572871625,0.23056171948214402
1000000000.0,0.007,0.01,150,data/ETH1.xlsx,91011,混合效应,13.184572106995288,437.02601486123535,767.0133333333333,63.20666666666666,415.14,1035.6433333333334,-50.02209455967137,-7.698050187887968,2.0307578640743542e-13,21.88601486123532,0.43949333941950897,0.6606215758229849,-268.63,-0.7469733963206484,0.4556665973852819
1000000000.0,0.007,0.04,150,data/ETH1.xlsx,91011,混合效应,34.44076795022174,295.1769800401808,659.1366666666667,63.20666666666666,415.14,1035.6433333333334,-28.76589871644493,-4.2012216072892015,3.5082968561790674e-05,-119.9630199598192,-2.9114849060222543,0.0038677670643533463,-376.50666666666666,-1.0545386255735198,0.29248776242355484
1000000000.0,0.007,0.07,150,data/ETH1.xlsx,91011,混合效应,45.55713799641406,257.0958993155711,587.4366666666666,63.20666666666666,415.14,1035.6433333333334,-17.649528670252607,-2.40591341335926,0.016738962075732233,-158.0441006844289,-3.943656676779095,0.00010002543756146995,-448.20666666666665,-1.267571777004119,0.20593717946110954
1000000000.0,0.007,0.1,150,data/ETH1.xlsx,91011,混合效应,56.40838954279361,257.40792763745907,598.36,63.20666666666666,415.14,1035.6433333333334,-6.798277123873058,-0.8640027792434081,0.3882789383897205,-157.73207236254092,-3.9163309807611486,0.00011143664208790519,-437.28333333333336,-1.2353643807424461,0.21766470654956488
1000000000.0,0.01,0.01,150,data/ETH1.xlsx,91011,混合效应,15.769097227328688,437.97226325519915,762.89,63.20666666666666,415.14,1035.6433333333334,-47.43756943933798,-7.440276087272344,1.0732006855694642e-12,22.832263255199184,0.45911302814142146,0.6464865865964431,-272.75333333333333,-0.7596451872712567,0.44806520519634374
1000000000.0,0.01,0.04,150,data/ETH1.xlsx,91011,混合效应,31.665713217636462,295.71607097920423,659.46,63.20666666666666,415.14,1035.6433333333334,-31.5409534490302,-4.837168693459872,2.1119541030636426e-06,-119.42392902079577,-2.897989062553053,0.004033326265351284,-376.18333333333334,-1.0536122256147107,0.2929111619256294
1000000000.0,0.01,0.07,150,data/ETH1.xlsx,91011,混合效应,45.52635602433097,259.4483385184965,593.4533333333334,63.20666666666666,415.14,1035.6433333333334,-17.68031064233569,-2.319149862553404,0.021060719324414324,-155.6916614815035,-3.877968843371944,0.0001295546640172657,-442.19,-1.2502741986429613,0.21217700600315909
1000000000.0,0.01,0.1,150,data/ETH1.xlsx,91011,混合效应,52.6308368083789,259.5270296276204,594.95,63.20666666666666,415.14,1035.6433333333334,-10.57582985828777,-1.3523345452810165,0.1772902153877236,-155.61297037237958,-3.860532960402288,0.00013868144984565593,-440.6933333333333,-1.245069442432215,0.21408113804048368
100000000000.0,0.001,0.01,150,data/ETH1.xlsx,91011,混合效应,10.8719059296801,400.74235953123343,678.6833333333333,63.20666666666666,415.14,1035.6433333333334,-52.33476073698656,-7.982460358853042,3.103308920554251e-14,-14.397640468766548,-0.33880246370949396,0.7349963508070987,-356.96,-0.9993838096970122,0.31841689125962985
100000000000.0,0.001,0.04,150,data/ETH1.xlsx,91011,混合效应,25.68945456112213,395.3065477139004,676.6,63.20666666666666,415.14,1035.6433333333334,-37.51721210554454,-5.629204820840248,4.169761725260781e-08,-19.83345228609971,-0.4529304493207032,0.6509273101846851,-359.04333333333335,-1.0021156593388665,0.31709803323169833
100000000000.0,0.001,0.07,150,data/ETH1.xlsx,91011,混合效应,44.459980998786186,305.7906711123924,624.7233333333334,63.20666666666666,415.14,1035.6433333333334,-18.746685667880477,-2.3756843758387927,0.018146577054828923,-109.3493288876076,-2.7066264795582016,0.00718770452577319,-410.92,-1.1533673330170449,0.24968079193193932
100000000000.0,0.001,0.1,150,data/ETH1.xlsx,91011,混合效应,54.38938830520056,335.9851378134573,675.5333333333333,63.20666666666666,415.14,1035.6433333333334,-8.817278361466105,-1.0585529199395547,0.290657854253393,-79.15486218654274,-1.9249548980650026,0.055183518867642244,-360.11,-1.0036540860508052,0.3163569122416577
100000000000.0,0.004,0.01,150,data/ETH1.xlsx,91011,混合效应,10.693139776508168,390.4365937024028,650.48,63.20666666666666,415.14,1035.6433333333334,-52.513526890158495,-8.215169136083855,6.467136583323686e-15,-24.703406297597212,-0.5798540870921403,0.5624496905801402,-385.16333333333336,-1.087068734130074,0.27788197517854896
100000000000.0,0.004,0.04,150,data/ETH1.xlsx,91011,混合效应,34.661531403006414,315.8728566997744,652.9366666666666,63.20666666666666,415.14,1035.6433333333334,-28.545135263660256,-4.302926208605207,2.2861917145618352e-05,-99.2671433002256,-2.459721502301285,0.014470322110606441,-382.70666666666665,-1.067704580732707,0.28651507885297
100000000000.0,0.004,0.07,150,data/ETH1.xlsx,91011,混合效应,57.70882008474032,278.12642619587433,588.4266666666666,63.20666666666666,415.14,1035.6433333333334,-5.49784658192635,-0.6854513428820741,0.4935902344356875,-137.01357380412568,-3.444958044181848,0.0006528563016362072,-447.21666666666664,-1.2639291563147763,0.20723993370134847
100000000000.0,0.004,0.1,150,data/ETH1.xlsx,91011,混合效应,54.511156377410295,315.62744901126626,635.4133333333333,63.20666666666666,415.14,1035.6433333333334,-8.69551028925637,-1.0381310396791426,0.3000478400745662,-99.51255098873374,-2.4632437292554354,0.014331799919861546,-400.23,-1.1206276665863848,0.2633456554592971
100000000000.0,0.007,0.01,150,data/ETH1.xlsx,91011,混合效应,12.857370187639049,501.02901834315503,780.3666666666667,63.20666666666666,415.14,1035.6433333333334,-50.349296479027615,-7.7786004221478,1.19810354870167e-13,85.88901834315503,1.7197391596789464,0.08651466214738525,-255.27666666666667,-0.7097267454868574,0.47842670677272436
100000000000.0,0.007,0.04,150,data/ETH1.xlsx,91011,混合效应,34.26252634456199,312.90540831017387,651.83,63.20666666666666,415.14,1035.6433333333334,-28.944140322104673,-4.335341073046333,1.99109603177704e-05,-102.23459168982609,-2.5392467847015854,0.011615741665464033,-383.81333333333333,-1.0705410177255963,0.28523925601361255
100000000000.0,0.007,0.07,150,data/ETH1.xlsx,91011,混合效应,46.21348395907161,288.68876774157815,593.8733333333333,63.20666666666666,415.14,1035.6433333333334,-16.993182707595054,-2.4635573882187485,0.014319521525653458,-126.45123225842185,-3.1577473073681737,0.0017523814905929438,-441.77,-1.2522970750760865,0.2114402758532531
100000000000.0,0.007,0.1,150,data/ETH1.xlsx,91011,混合效应,50.53021654478054,310.1372405026961,636.8366666666667,63.20666666666666,415.14,1035.6433333333334,-12.676450121886129,-1.5622679319234054,0.11928264200086343,-105.00275949730393,-2.5961138444961342,0.009894165596366699,-398.8066666666667,-1.1238684032088577,0.26197035276958347
100000000000.0,0.01,0.01,150,data/ETH1.xlsx,91011,混合效应,16.18546241471897,479.63492188068125,760.0133333333333,63.20666666666666,415.14,1035.6433333333334,-47.0212042519477,-7.3800294777757465,1.5752489167278354e-12,64.4949218806813,1.2975906397756902,0.1954282359985305,-275.63,-0.7677202848131129,0.4432592279626081
100000000000.0,0.01,0.04,150,data/ETH1.xlsx,91011,混合效应,33.44830621341268,314.419971569222,658.2333333333333,63.20666666666666,415.14,1035.6433333333334,-29.75836045325399,-4.7459300579665085,3.2217348088273505e-06,-100.72002843077796,-2.499278143816056,0.01298077531594468,-377.41,-1.0525822748544351,0.29338237322406496
100000000000.0,0.01,0.07,150,data/ETH1.xlsx,91011,混合效应,50.39129922720376,287.71235554630783,608.53,63.20666666666666,415.14,1035.6433333333334,-12.815367439462904,-1.69955963188675,0.09025380365629276,-127.42764445369217,-3.1755810664787467,0.0016514741582826322,-427.11333333333334,-1.2052216108130578,0.2290707443254808
100000000000.0,0.01,0.1,150,data/ETH1.xlsx,91011,混合效应,57.02220058486618,304.0745522782915,609.0166666666667,63.20666666666666,415.14,1035.6433333333334,-6.184466081800486,-0.750740586318824,0.45339919701597187,-111.06544772170851,-2.7608824408498798,0.00612082940934764,-426.62666666666667,-1.2029636882051815,0.22994204472855267
10000000000000.0,0.001,0.01,150,data/ETH1.xlsx,91011,混合效应,10.480546338789916,855.0482651699189,668.31,63.20666666666666,415.14,1035.6433333333334,-52.72612032787675,-8.10107880132287,1.4000329635969483e-14,439.9082651699189,10.437984973078368,5.934950167608373e-22,-367.3333333333333,-1.022094525344874,0.3075624061206919
10000000000000.0,0.001,0.04,150,data/ETH1.xlsx,91011,混合效应,26.55237435686417,788.1139202517982,662.3633333333333,63.20666666666666,415.14,1035.6433333333334,-36.65429230980249,-5.740186881625851,2.320843934226934e-08,372.9739202517982,9.253777673710843,4.300612716341032e-18,-373.28,-1.0413272852567683,0.298564937529976
10000000000000.0,0.001,0.07,150,data/ETH1.xlsx,91011,混合效应,33.38547307483521,776.4853016650897,647.2533333333333,63.20666666666666,415.14,1035.6433333333334,-29.82119359183146,-4.366984240255376,1.7384207060285782e-05,361.3453016650897,9.053971197606074,1.824565273963568e-17,-388.39,-1.090235380837566,0.27648730558831575
10000000000000.0,0.001,0.1,150,data/ETH1.xlsx,91011,混合效应,26.072319427180204,1117.2110458529473,777.1066666666667,63.20666666666666,415.14,1035.6433333333334,-37.134347239486466,-5.480999891534061,8.996281881412683e-08,702.0710458529471,8.664926197179899,2.893197400476373e-16,-258.5366666666667,-0.6960384145632956,0.48694544924302596
10000000000000.0,0.004,0.01,150,data/ETH1.xlsx,91011,混合效应,11.403331106658337,843.8932081711323,666.3933333333333,63.20666666666666,415.14,1035.6433333333334,-51.803335560008335,-8.05875600020575,1.861394757671751e-14,428.7532081711324,10.276459957005294,2.0558450834641608e-21,-369.25,-1.036712301961958,0.3007076442923204
10000000000000.0,0.004,0.04,150,data/ETH1.xlsx,91011,混合效应,27.10461056381303,768.5931671960375,628.51,63.20666666666666,415.14,1035.6433333333334,-36.10205610285364,-5.450385480199423,1.0524548646608475e-07,353.45316719603744,8.87228357855971,6.688758021232808e-17,-407.1333333333333,-1.12203082121614,0.26274957170573515
10000000000000.0,0.004,0.07,150,data/ETH1.xlsx,91011,混合效应,29.73984015573226,801.354129468989,673.0566666666666,63.20666666666666,415.14,1035.6433333333334,-33.4668265109344,-5.0140531604863865,9.148579482781825e-07,386.2141294689891,9.455010265050388,9.864655264135514e-19,-362.58666666666664,-0.9942428749472502,0.3209085630174656
10000000000000.0,0.004,0.1,150,data/ETH1.xlsx,91011,混合效应,27.40943969242249,827.1933049762896,689.4133333333333,63.20666666666666,415.14,1035.6433333333334,-35.797226974244175,-5.064601529328387,7.172322890566405e-07,412.0533049762896,9.696338621837931,1.6515306382536193e-19,-346.23,-1.0930622315846485,0.2752463487340256
10000000000000.0,0.007,0.01,150,data/ETH1.xlsx,91011,混合效应,14.244812653335654,848.5243707950801,648.1466666666666,63.20666666666666,415.14,1035.6433333333334,-48.96185401333101,-7.612147790851096,3.5511398033900345e-13,433.3843707950801,10.341554734155261,1.2473891850279294e-21,-387.49666666666667,-1.0848889778042765,0.2788447865386426
10000000000000.0,0.007,0.04,150,data/ETH1.xlsx,91011,混合效应,22.315155845494967,816.241195394825,672.5133333333333,63.20666666666666,415.14,1035.6433333333334,-40.8915108211717,-6.194549829359139,1.930384653604647e-09,401.10119539482497,9.716132078081941,1.4249028546973884e-19,-363.13,-1.0136640844072302,0.3115626226299577
10000000000000.0,0.007,0.07,150,data/ETH1.xlsx,91011,混合效应,35.44744760990289,783.2257003152984,650.9833333333333,63.20666666666666,415.14,1035.6433333333334,-27.759219056763776,-4.014976141607876,7.52361392775841e-05,368.08570031529825,9.101456573425628,1.296197148795385e-17,-384.66,-1.0557549743036059,0.2919324729961194
10000000000000.0,0.007,0.1,150,data/ETH1.xlsx,91011,混合效应,37.637029683761426,769.5300854636682,643.23,63.20666666666666,415.14,1035.6433333333334,-25.56963698290524,-3.6698683360201354,0.00028728988094497526,354.39008546366824,8.774730383837971,1.335469688230681e-16,-392.41333333333336,-1.2398412076870988,0.21600629997119397
10000000000000.0,0.01,0.01,150,data/ETH1.xlsx,91011,混合效应,15.103040711050447,1027.6437326213234,821.94,63.20666666666666,415.14,1035.6433333333334,-48.10362595561622,-7.514831038777797,6.655861860093886e-13,612.5037326213234,10.965572027025075,9.671851652078487e-24,-213.70333333333335,-0.5893378244215111,0.5560796952425046
10000000000000.0,0.01,0.04,150,data/ETH1.xlsx,91011,混合效应,32.763279491674666,755.5048362017016,657.9933333333333,63.20666666666666,415.14,1035.6433333333334,-30.443387174991997,-4.608907482289916,6.002769002013321e-06,340.36483620170145,8.504308804772426,8.873568115518054e-16,-377.65,-1.2012863325985181,0.2305908443019262
10000000000000.0,0.01,0.07,150,data/ETH1.xlsx,91011,混合效应,35.617308622689656,782.5389866222849,646.4133333333333,63.20666666666666,415.14,1035.6433333333334,-27.589358043977008,-3.964824236377435,9.195738360938522e-05,367.39898662228495,9.079330895176795,1.5202375863159988e-17,-389.23,-1.068399724672865,0.2862020469619188
10000000000000.0,0.01,0.1,150,data/ETH1.xlsx,91011,混合效应,43.468500860838226,758.7092831580504,621.13,63.20666666666666,415.14,1035.6433333333334,-19.73816580582844,-2.6371617269531704,0.008797362955566032,343.5692831580505,8.66135925653488,2.9664977279487664e-16,-414.5133333333333,-1.311291299936793,0.19076544921688082
1000000000000000.0,0.001,0.01,150,data/ETH1.xlsx,91011,混合效应,6.693821725503785,5630.047505015887,688.42,63.20666666666666,415.14,1035.6433333333334,-56.512844941162875,-8.699802966618083,2.264634605078155e-16,5214.907505015887,121.17192536471578,3.4263195922269205e-256,-347.22333333333336,-1.1034162318775649,0.2707337106467685
1000000000000000.0,0.001,0.04,150,data/ETH1.xlsx,91011,混合效应,6.616667268433333,5567.767493072537,676.5266666666666,63.20666666666666,415.14,1035.6433333333334,-56.58999939823334,-8.676409512295818,2.6691874605175554e-16,5152.627493072537,122.77890324987347,7.204800404496035e-258,-359.1166666666667,-1.142837247905932,0.2540204263070922
1000000000000000.0,0.001,0.07,150,data/ETH1.xlsx,91011,混合效应,6.616667268433333,5567.767493072537,676.5266666666666,63.20666666666666,415.14,1035.6433333333334,-56.58999939823334,-8.676409512295818,2.6691874605175554e-16,5152.627493072537,122.77890324987347,7.204800404496035e-258,-359.1166666666667,-1.142837247905932,0.2540204263070922
1000000000000000.0,0.001,0.1,150,data/ETH1.xlsx,91011,混合效应,6.616667268433333,5567.767493072537,676.5266666666666,63.20666666666666,415.14,1035.6433333333334,-56.58999939823334,-8.676409512295818,2.6691874605175554e-16,5152.627493072537,122.77890324987347,7.204800404496035e-258,-359.1166666666667,-1.142837247905932,0.2540204263070922
1000000000000000.0,0.004,0.01,150,data/ETH1.xlsx,91011,混合效应,8.847370018874777,5552.377396936418,635.51,63.20666666666666,415.14,1035.6433333333334,-54.359296647791886,-8.414994044847196,1.6460609408371633e-15,5137.237396936418,124.75391535389039,6.682942998867634e-260,-400.1333333333333,-1.1912775250163694,0.23448943107348758
1000000000000000.0,0.004,0.04,150,data/ETH1.xlsx,91011,混合效应,8.836850876809754,5710.041316182365,686.25,63.20666666666666,415.14,1035.6433333333334,-54.369815789856915,-8.396892484085178,1.8647847353916862e-15,5294.901316182365,76.53660983536902,1.8975183840989203e-198,-349.3933333333333,-1.0321099905110627,0.3028546988868513
1000000000000000.0,0.004,0.07,150,data/ETH1.xlsx,91011,混合效应,8.836850876809754,5710.041316182365,686.25,63.20666666666666,415.14,1035.6433333333334,-54.369815789856915,-8.396892484085178,1.8647847353916862e-15,5294.901316182365,76.53660983536902,1.8975183840989203e-198,-349.3933333333333,-1.0321099905110627,0.3028546988868513
1000000000000000.0,0.004,0.1,150,data/ETH1.xlsx,91011,混合效应,8.836850876809754,5710.041316182365,686.25,63.20666666666666,415.14,1035.6433333333334,-54.369815789856915,-8.396892484085178,1.8647847353916862e-15,5294.901316182365,76.53660983536902,1.8975183840989203e-198,-349.3933333333333,-1.0321099905110627,0.3028546988868513
1000000000000000.0,0.007,0.01,150,data/ETH1.xlsx,91011,混合效应,12.564125952472642,5589.148661057301,682.92,63.20666666666666,415.14,1035.6433333333334,-50.64254071419403,-7.779199560427898,1.193394822821618e-13,5174.008661057301,117.41867715699846,3.441763854620161e-252,-352.72333333333336,-0.9877481244806244,0.3240746479149955
1000000000000000.0,0.007,0.04,150,data/ETH1.xlsx,91011,混合效应,12.058875359649965,5560.6733671612055,682.51,63.20666666666666,415.14,1035.6433333333334,-51.147791307016696,-7.955554428827951,3.713620230467038e-14,5145.533367161206,120.14226268683902,4.175937652365305e-255,-353.1333333333333,-0.9936524794588643,0.3211955291199861
1000000000000000.0,0.007,0.07,150,data/ETH1.xlsx,91011,混合效应,12.058875359649965,5560.6733671612055,682.51,63.20666666666666,415.14,1035.6433333333334,-51.147791307016696,-7.955554428827951,3.713620230467038e-14,5145.533367161206,120.14226268683902,4.175937652365305e-255,-353.1333333333333,-0.9936524794588643,0.3211955291199861
1000000000000000.0,0.007,0.1,150,data/ETH1.xlsx,91011,混合效应,12.058875359649965,5560.6733671612055,682.51,63.20666666666666,415.14,1035.6433333333334,-51.147791307016696,-7.955554428827951,3.713620230467038e-14,5145.533367161206,120.14226268683902,4.175937652365305e-255,-353.1333333333333,-0.9936524794588643,0.3211955291199861
1000000000000000.0,0.01,0.01,150,data/ETH1.xlsx,91011,混合效应,15.64982023606546,5559.053862059526,646.1833333333333,63.20666666666666,415.14,1035.6433333333334,-47.556846430601205,-7.443566093156905,1.050881596546583e-12,5143.913862059526,122.82847171670737,6.400638330770124e-258,-389.46,-1.0895926234680737,0.2767700031957212
1000000000000000.0,0.01,0.04,150,data/ETH1.xlsx,91011,混合效应,14.745093597772847,5535.590826307985,694.28,63.20666666666666,415.14,1035.6433333333334,-48.46157306889382,-7.511402764219122,6.804156306920731e-13,5120.450826307984,123.58358288782978,1.0609319436715343e-258,-341.36333333333334,-1.09403900480065,0.2748184453965038
1000000000000000.0,0.01,0.07,150,data/ETH1.xlsx,91011,混合效应,14.745093597772847,5535.590826307985,694.28,63.20666666666666,415.14,1035.6433333333334,-48.46157306889382,-7.511402764219122,6.804156306920731e-13,5120.450826307984,123.58358288782978,1.0609319436715343e-258,-341.36333333333334,-1.09403900480065,0.2748184453965038
1000000000000000.0,0.01,0.1,150,data/ETH1.xlsx,91011,混合效应,14.745093597772847,5535.590826307985,694.28,63.20666666666666,415.14,1035.6433333333334,-48.46157306889382,-7.511402764219122,6.804156306920731e-13,5120.450826307984,123.58358288782978,1.0609319436715343e-258,-341.36333333333334,-1.09403900480065,0.2748184453965038
1000000000.0,0.001,0.01,150,data/BIT.xlsx,5678,混合效应,1.4833333333333334,577.1660760755208,485.26666666666665,1.29,589.1866666666666,473.07,0.19333333333333333,1.787966517240119,0.07479394866726716,-12.020590591145796,-0.5486584980047551,0.583649276174748,12.196666666666667,1.2587879212416815,0.20908886789729716
1000000000.0,0.001,0.04,150,data/BIT.xlsx,5678,混合效应,1.4833333333333334,577.1660760755208,485.26666666666665,1.29,589.1866666666666,473.07,0.19333333333333333,1.787966517240119,0.07479394866726716,-12.020590591145796,-0.5486584980047551,0.583649276174748,12.196666666666667,1.2587879212416815,0.20908886789729716
1000000000.0,0.001,0.07,150,data/BIT.xlsx,5678,混合效应,1.4833333333333334,577.1660760755208,485.26666666666665,1.29,589.1866666666666,473.07,0.19333333333333333,1.787966517240119,0.07479394866726716,-12.020590591145796,-0.5486584980047551,0.583649276174748,12.196666666666667,1.2587879212416815,0.20908886789729716
1000000000.0,0.001,0.1,150,data/BIT.xlsx,5678,混合效应,1.4833333333333334,577.1660760755208,485.26666666666665,1.29,589.1866666666666,473.07,0.19333333333333333,1.787966517240119,0.07479394866726716,-12.020590591145796,-0.5486584980047551,0.583649276174748,12.196666666666667,1.2587879212416815,0.20908886789729716
1000000000.0,0.004,0.01,150,data/BIT.xlsx,5678,混合效应,1.4833333333333334,577.1666078693676,485.26666666666665,1.29,589.1866666666666,473.07,0.19333333333333333,1.787966517240119,0.07479394866726716,-12.02005879729913,-0.5486342357115375,0.5836659087332934,12.196666666666667,1.2587879212416815,0.20908886789729716
1000000000.0,0.004,0.04,150,data/BIT.xlsx,5678,混合效应,1.4833333333333334,577.1666078693676,485.26666666666665,1.29,589.1866666666666,473.07,0.19333333333333333,1.787966517240119,0.07479394866726716,-12.02005879729913,-0.5486342357115375,0.5836659087332934,12.196666666666667,1.2587879212416815,0.20908886789729716
1000000000.0,0.004,0.07,150,data/BIT.xlsx,5678,混合效应,1.4833333333333334,577.1666078693676,485.26666666666665,1.29,589.1866666666666,473.07,0.19333333333333333,1.787966517240119,0.07479394866726716,-12.02005879729913,-0.5486342357115375,0.5836659087332934,12.196666666666667,1.2587879212416815,0.20908886789729716
1000000000.0,0.004,0.1,150,data/BIT.xlsx,5678,混合效应,1.4833333333333334,577.1666078693676,485.26666666666665,1.29,589.1866666666666,473.07,0.19333333333333333,1.787966517240119,0.07479394866726716,-12.02005879729913,-0.5486342357115375,0.5836659087332934,12.196666666666667,1.2587879212416815,0.20908886789729716
1000000000.0,0.007,0.01,150,data/BIT.xlsx,5678,混合效应,1.4833333333333334,577.1666078693676,485.26666666666665,1.29,589.1866666666666,473.07,0.19333333333333333,1.787966517240119,0.07479394866726716,-12.02005879729913,-0.5486342357115375,0.5836659087332934,12.196666666666667,1.2587879212416815,0.20908886789729716
1000000000.0,0.007,0.04,150,data/BIT.xlsx,5678,混合效应,1.4833333333333334,577.1666078693676,485.26666666666665,1.29,589.1866666666666,473.07,0.19333333333333333,1.787966517240119,0.07479394866726716,-12.02005879729913,-0.5486342357115375,0.5836659087332934,12.196666666666667,1.2587879212416815,0.20908886789729716
1000000000.0,0.007,0.07,150,data/BIT.xlsx,5678,混合效应,1.4833333333333334,577.1666078693676,485.26666666666665,1.29,589.1866666666666,473.07,0.19333333333333333,1.787966517240119,0.07479394866726716,-12.02005879729913,-0.5486342357115375,0.5836659087332934,12.196666666666667,1.2587879212416815,0.20908886789729716
1000000000.0,0.007,0.1,150,data/BIT.xlsx,5678,混合效应,1.4833333333333334,577.1666078693676,485.26666666666665,1.29,589.1866666666666,473.07,0.19333333333333333,1.787966517240119,0.07479394866726716,-12.02005879729913,-0.5486342357115375,0.5836659087332934,12.196666666666667,1.2587879212416815,0.20908886789729716
1000000000.0,0.01,0.01,150,data/BIT.xlsx,5678,混合效应,1.4833333333333334,577.1666078693676,485.26666666666665,1.29,589.1866666666666,473.07,0.19333333333333333,1.787966517240119,0.07479394866726716,-12.02005879729913,-0.5486342357115375,0.5836659087332934,12.196666666666667,1.2587879212416815,0.20908886789729716
1000000000.0,0.01,0.04,150,data/BIT.xlsx,5678,混合效应,1.4833333333333334,577.1666078693676,485.26666666666665,1.29,589.1866666666666,473.07,0.19333333333333333,1.787966517240119,0.07479394866726716,-12.02005879729913,-0.5486342357115375,0.5836659087332934,12.196666666666667,1.2587879212416815,0.20908886789729716
1000000000.0,0.01,0.07,150,data/BIT.xlsx,5678,混合效应,1.4833333333333334,577.1666078693676,485.26666666666665,1.29,589.1866666666666,473.07,0.19333333333333333,1.787966517240119,0.07479394866726716,-12.02005879729913,-0.5486342357115375,0.5836659087332934,12.196666666666667,1.2587879212416815,0.20908886789729716
1000000000.0,0.01,0.1,150,data/BIT.xlsx,5678,混合效应,1.4833333333333334,577.1666078693676,485.26666666666665,1.29,589.1866666666666,473.07,0.19333333333333333,1.787966517240119,0.07479394866726716,-12.02005879729913,-0.5486342357115375,0.5836659087332934,12.196666666666667,1.2587879212416815,0.20908886789729716
100000000000.0,0.001,0.01,150,data/BIT.xlsx,5678,混合效应,1.4833333333333334,585.5907607552085,485.26666666666665,1.29,589.1866666666666,473.07,0.19333333333333333,1.787966517240119,0.07479394866726716,-3.595905911458197,-0.16412870747221142,0.8697407155078085,12.196666666666667,1.2587879212416815,0.20908886789729716
100000000000.0,0.001,0.04,150,data/BIT.xlsx,5678,混合效应,1.4833333333333334,585.5907607552085,485.26666666666665,1.29,589.1866666666666,473.07,0.19333333333333333,1.787966517240119,0.07479394866726716,-3.595905911458197,-0.16412870747221142,0.8697407155078085,12.196666666666667,1.2587879212416815,0.20908886789729716
100000000000.0,0.001,0.07,150,data/BIT.xlsx,5678,混合效应,1.4833333333333334,585.5907607552085,485.26666666666665,1.29,589.1866666666666,473.07,0.19333333333333333,1.787966517240119,0.07479394866726716,-3.595905911458197,-0.16412870747221142,0.8697407155078085,12.196666666666667,1.2587879212416815,0.20908886789729716
100000000000.0,0.001,0.1,150,data/BIT.xlsx,5678,混合效应,1.4833333333333334,585.5907607552085,485.26666666666665,1.29,589.1866666666666,473.07,0.19333333333333333,1.787966517240119,0.07479394866726716,-3.595905911458197,-0.16412870747221142,0.8697407155078085,12.196666666666667,1.2587879212416815,0.20908886789729716
100000000000.0,0.004,0.01,150,data/BIT.xlsx,5678,混合效应,1.4833333333333334,585.5960786936754,485.26666666666665,1.29,589.1866666666666,473.07,0.19333333333333333,1.787966517240119,0.07479394866726716,-3.5905879729911976,-0.16388601100351513,0.8699316042025315,12.196666666666667,1.2587879212416815,0.20908886789729716
100000000000.0,0.004,0.04,150,data/BIT.xlsx,5678,混合效应,1.4833333333333334,585.5960786936754,485.26666666666665,1.29,589.1866666666666,473.07,0.19333333333333333,1.787966517240119,0.07479394866726716,-3.5905879729911976,-0.16388601100351513,0.8699316042025315,12.196666666666667,1.2587879212416815,0.20908886789729716
100000000000.0,0.004,0.07,150,data/BIT.xlsx,5678,混合效应,1.4833333333333334,585.5960786936754,485.26666666666665,1.29,589.1866666666666,473.07,0.19333333333333333,1.787966517240119,0.07479394866726716,-3.5905879729911976,-0.16388601100351513,0.8699316042025315,12.196666666666667,1.2587879212416815,0.20908886789729716
100000000000.0,0.004,0.1,150,data/BIT.xlsx,5678,混合效应,1.4833333333333334,585.5960786936754,485.26666666666665,1.29,589.1866666666666,473.07,0.19333333333333333,1.787966517240119,0.07479394866726716,-3.5905879729911976,-0.16388601100351513,0.8699316042025315,12.196666666666667,1.2587879212416815,0.20908886789729716
100000000000.0,0.007,0.01,150,data/BIT.xlsx,5678,混合效应,1.4833333333333334,585.5960786936754,485.26666666666665,1.29,589.1866666666666,473.07,0.19333333333333333,1.787966517240119,0.07479394866726716,-3.5905879729911976,-0.16388601100351513,0.8699316042025315,12.196666666666667,1.2587879212416815,0.20908886789729716
100000000000.0,0.007,0.04,150,data/BIT.xlsx,5678,混合效应,1.4833333333333334,585.5960786936754,485.26666666666665,1.29,589.1866666666666,473.07,0.19333333333333333,1.787966517240119,0.07479394866726716,-3.5905879729911976,-0.16388601100351513,0.8699316042025315,12.196666666666667,1.2587879212416815,0.20908886789729716
100000000000.0,0.007,0.07,150,data/BIT.xlsx,5678,混合效应,1.4833333333333334,585.5960786936754,485.26666666666665,1.29,589.1866666666666,473.07,0.19333333333333333,1.787966517240119,0.07479394866726716,-3.5905879729911976,-0.16388601100351513,0.8699316042025315,12.196666666666667,1.2587879212416815,0.20908886789729716
100000000000.0,0.007,0.1,150,data/BIT.xlsx,5678,混合效应,1.4833333333333334,585.5960786936754,485.26666666666665,1.29,589.1866666666666,473.07,0.19333333333333333,1.787966517240119,0.07479394866726716,-3.5905879729911976,-0.16388601100351513,0.8699316042025315,12.196666666666667,1.2587879212416815,0.20908886789729716
100000000000.0,0.01,0.01,150,data/BIT.xlsx,5678,混合效应,1.4833333333333334,585.5960786936754,485.26666666666665,1.29,589.1866666666666,473.07,0.19333333333333333,1.787966517240119,0.07479394866726716,-3.5905879729911976,-0.16388601100351513,0.8699316042025315,12.196666666666667,1.2587879212416815,0.20908886789729716
100000000000.0,0.01,0.04,150,data/BIT.xlsx,5678,混合效应,1.4833333333333334,585.5960786936754,485.26666666666665,1.29,589.1866666666666,473.07,0.19333333333333333,1.787966517240119,0.07479394866726716,-3.5905879729911976,-0.16388601100351513,0.8699316042025315,12.196666666666667,1.2587879212416815,0.20908886789729716
100000000000.0,0.01,0.07,150,data/BIT.xlsx,5678,混合效应,1.4833333333333334,585.5960786936754,485.26666666666665,1.29,589.1866666666666,473.07,0.19333333333333333,1.787966517240119,0.07479394866726716,-3.5905879729911976,-0.16388601100351513,0.8699316042025315,12.196666666666667,1.2587879212416815,0.20908886789729716
100000000000.0,0.01,0.1,150,data/BIT.xlsx,5678,混合效应,1.4833333333333334,585.5960786936754,485.26666666666665,1.29,589.1866666666666,473.07,0.19333333333333333,1.787966517240119,0.07479394866726716,-3.5905879729911976,-0.16388601100351513,0.8699316042025315,12.196666666666667,1.2587879212416815,0.20908886789729716
10000000000000.0,0.001,0.01,150,data/BIT.xlsx,5678,混合效应,1.4833333333333334,669.8376075520847,485.26666666666665,1.29,589.1866666666666,473.07,0.19333333333333333,1.787966517240119,0.07479394866726716,80.6509408854181,3.681161917381341,0.0002753871001124802,12.196666666666667,1.2587879212416815,0.20908886789729716
10000000000000.0,0.001,0.04,150,data/BIT.xlsx,5678,混合效应,1.4833333333333334,669.8376075520847,485.26666666666665,1.29,589.1866666666666,473.07,0.19333333333333333,1.787966517240119,0.07479394866726716,80.6509408854181,3.681161917381341,0.0002753871001124802,12.196666666666667,1.2587879212416815,0.20908886789729716
10000000000000.0,0.001,0.07,150,data/BIT.xlsx,5678,混合效应,1.4833333333333334,669.8376075520847,485.26666666666665,1.29,589.1866666666666,473.07,0.19333333333333333,1.787966517240119,0.07479394866726716,80.6509408854181,3.681161917381341,0.0002753871001124802,12.196666666666667,1.2587879212416815,0.20908886789729716
10000000000000.0,0.001,0.1,150,data/BIT.xlsx,5678,混合效应,1.4833333333333334,669.8376075520847,485.26666666666665,1.29,589.1866666666666,473.07,0.19333333333333333,1.787966517240119,0.07479394866726716,80.6509408854181,3.681161917381341,0.0002753871001124802,12.196666666666667,1.2587879212416815,0.20908886789729716
10000000000000.0,0.004,0.01,150,data/BIT.xlsx,5678,混合效应,1.4833333333333334,669.890786936755,485.26666666666665,1.29,589.1866666666666,473.07,0.19333333333333333,1.787966517240119,0.07479394866726716,80.70412027008834,3.6835962360767165,0.00027288305751197643,12.196666666666667,1.2587879212416815,0.20908886789729716
10000000000000.0,0.004,0.04,150,data/BIT.xlsx,5678,混合效应,1.4833333333333334,669.890786936755,485.26666666666665,1.29,589.1866666666666,473.07,0.19333333333333333,1.787966517240119,0.07479394866726716,80.70412027008834,3.6835962360767165,0.00027288305751197643,12.196666666666667,1.2587879212416815,0.20908886789729716
10000000000000.0,0.004,0.07,150,data/BIT.xlsx,5678,混合效应,1.4833333333333334,669.890786936755,485.26666666666665,1.29,589.1866666666666,473.07,0.19333333333333333,1.787966517240119,0.07479394866726716,80.70412027008834,3.6835962360767165,0.00027288305751197643,12.196666666666667,1.2587879212416815,0.20908886789729716
10000000000000.0,0.004,0.1,150,data/BIT.xlsx,5678,混合效应,1.4833333333333334,669.890786936755,485.26666666666665,1.29,589.1866666666666,473.07,0.19333333333333333,1.787966517240119,0.07479394866726716,80.70412027008834,3.6835962360767165,0.00027288305751197643,12.196666666666667,1.2587879212416815,0.20908886789729716
10000000000000.0,0.007,0.01,150,data/BIT.xlsx,5678,混合效应,1.4833333333333334,669.890786936755,485.26666666666665,1.29,589.1866666666666,473.07,0.19333333333333333,1.787966517240119,0.07479394866726716,80.70412027008834,3.6835962360767165,0.00027288305751197643,12.196666666666667,1.2587879212416815,0.20908886789729716
10000000000000.0,0.007,0.04,150,data/BIT.xlsx,5678,混合效应,1.4833333333333334,669.890786936755,485.26666666666665,1.29,589.1866666666666,473.07,0.19333333333333333,1.787966517240119,0.07479394866726716,80.70412027008834,3.6835962360767165,0.00027288305751197643,12.196666666666667,1.2587879212416815,0.20908886789729716
10000000000000.0,0.007,0.07,150,data/BIT.xlsx,5678,混合效应,1.4833333333333334,669.890786936755,485.26666666666665,1.29,589.1866666666666,473.07,0.19333333333333333,1.787966517240119,0.07479394866726716,80.70412027008834,3.6835962360767165,0.00027288305751197643,12.196666666666667,1.2587879212416815,0.20908886789729716
10000000000000.0,0.007,0.1,150,data/BIT.xlsx,5678,混合效应,1.4833333333333334,669.890786936755,485.26666666666665,1.29,589.1866666666666,473.07,0.19333333333333333,1.787966517240119,0.07479394866726716,80.70412027008834,3.6835962360767165,0.00027288305751197643,12.196666666666667,1.2587879212416815,0.20908886789729716
10000000000000.0,0.01,0.01,150,data/BIT.xlsx,5678,混合效应,1.4833333333333334,669.890786936755,485.26666666666665,1.29,589.1866666666666,473.07,0.19333333333333333,1.787966517240119,0.07479394866726716,80.70412027008834,3.6835962360767165,0.00027288305751197643,12.196666666666667,1.2587879212416815,0.20908886789729716
10000000000000.0,0.01,0.04,150,data/BIT.xlsx,5678,混合效应,1.4833333333333334,669.890786936755,485.26666666666665,1.29,589.1866666666666,473.07,0.19333333333333333,1.787966517240119,0.07479394866726716,80.70412027008834,3.6835962360767165,0.00027288305751197643,12.196666666666667,1.2587879212416815,0.20908886789729716
10000000000000.0,0.01,0.07,150,data/BIT.xlsx,5678,混合效应,1.4833333333333334,669.890786936755,485.26666666666665,1.29,589.1866666666666,473.07,0.19333333333333333,1.787966517240119,0.07479394866726716,80.70412027008834,3.6835962360767165,0.00027288305751197643,12.196666666666667,1.2587879212416815,0.20908886789729716
10000000000000.0,0.01,0.1,150,data/BIT.xlsx,5678,混合效应,1.4833333333333334,669.890786936755,485.26666666666665,1.29,589.1866666666666,473.07,0.19333333333333333,1.787966517240119,0.07479394866726716,80.70412027008834,3.6835962360767165,0.00027288305751197643,12.196666666666667,1.2587879212416815,0.20908886789729716
1000000000000000.0,0.001,0.01,150,data/BIT.xlsx,5678,混合效应,1.4833333333333334,1512.306075520848,485.26666666666665,1.29,589.1866666666666,473.07,0.19333333333333333,1.787966517240119,0.07479394866726716,923.1194088541813,42.133339761141016,8.717662601444641e-128,12.196666666666667,1.2587879212416815,0.20908886789729716
1000000000000000.0,0.001,0.04,150,data/BIT.xlsx,5678,混合效应,1.4833333333333334,1512.306075520848,485.26666666666665,1.29,589.1866666666666,473.07,0.19333333333333333,1.787966517240119,0.07479394866726716,923.1194088541813,42.133339761141016,8.717662601444641e-128,12.196666666666667,1.2587879212416815,0.20908886789729716
1000000000000000.0,0.001,0.07,150,data/BIT.xlsx,5678,混合效应,1.4833333333333334,1512.306075520848,485.26666666666665,1.29,589.1866666666666,473.07,0.19333333333333333,1.787966517240119,0.07479394866726716,923.1194088541813,42.133339761141016,8.717662601444641e-128,12.196666666666667,1.2587879212416815,0.20908886789729716
1000000000000000.0,0.001,0.1,150,data/BIT.xlsx,5678,混合效应,1.4833333333333334,1512.306075520848,485.26666666666665,1.29,589.1866666666666,473.07,0.19333333333333333,1.787966517240119,0.07479394866726716,923.1194088541813,42.133339761141016,8.717662601444641e-128,12.196666666666667,1.2587879212416815,0.20908886789729716
1000000000000000.0,0.004,0.01,150,data/BIT.xlsx,5678,混合效应,1.4833333333333334,1512.8378693675497,485.26666666666665,1.29,589.1866666666666,473.07,0.19333333333333333,1.787966517240119,0.07479394866726716,923.6512027008831,42.15841870687901,7.485592016363302e-128,12.196666666666667,1.2587879212416815,0.20908886789729716
1000000000000000.0,0.004,0.04,150,data/BIT.xlsx,5678,混合效应,1.4833333333333334,1512.8378693675497,485.26666666666665,1.29,589.1866666666666,473.07,0.19333333333333333,1.787966517240119,0.07479394866726716,923.6512027008831,42.15841870687901,7.485592016363302e-128,12.196666666666667,1.2587879212416815,0.20908886789729716
1000000000000000.0,0.004,0.07,150,data/BIT.xlsx,5678,混合效应,1.4833333333333334,1512.8378693675497,485.26666666666665,1.29,589.1866666666666,473.07,0.19333333333333333,1.787966517240119,0.07479394866726716,923.6512027008831,42.15841870687901,7.485592016363302e-128,12.196666666666667,1.2587879212416815,0.20908886789729716
1000000000000000.0,0.004,0.1,150,data/BIT.xlsx,5678,混合效应,1.4833333333333334,1512.8378693675497,485.26666666666665,1.29,589.1866666666666,473.07,0.19333333333333333,1.787966517240119,0.07479394866726716,923.6512027008831,42.15841870687901,7.485592016363302e-128,12.196666666666667,1.2587879212416815,0.20908886789729716
1000000000000000.0,0.007,0.01,150,data/BIT.xlsx,5678,混合效应,1.4833333333333334,1512.8378693675497,485.26666666666665,1.29,589.1866666666666,473.07,0.19333333333333333,1.787966517240119,0.07479394866726716,923.6512027008831,42.15841870687901,7.485592016363302e-128,12.196666666666667,1.2587879212416815,0.20908886789729716
1000000000000000.0,0.007,0.04,150,data/BIT.xlsx,5678,混合效应,1.4833333333333334,1512.8378693675497,485.26666666666665,1.29,589.1866666666666,473.07,0.19333333333333333,1.787966517240119,0.07479394866726716,923.6512027008831,42.15841870687901,7.485592016363302e-128,12.196666666666667,1.2587879212416815,0.20908886789729716
1000000000000000.0,0.007,0.07,150,data/BIT.xlsx,5678,混合效应,1.4833333333333334,1512.8378693675497,485.26666666666665,1.29,589.1866666666666,473.07,0.19333333333333333,1.787966517240119,0.07479394866726716,923.6512027008831,42.15841870687901,7.485592016363302e-128,12.196666666666667,1.2587879212416815,0.20908886789729716
1000000000000000.0,0.007,0.1,150,data/BIT.xlsx,5678,混合效应,1.4833333333333334,1512.8378693675497,485.26666666666665,1.29,589.1866666666666,473.07,0.19333333333333333,1.787966517240119,0.07479394866726716,923.6512027008831,42.15841870687901,7.485592016363302e-128,12.196666666666667,1.2587879212416815,0.20908886789729716
1000000000000000.0,0.01,0.01,150,data/BIT.xlsx,5678,混合效应,1.4833333333333334,1512.8378693675497,485.26666666666665,1.29,589.1866666666666,473.07,0.19333333333333333,1.787966517240119,0.07479394866726716,923.6512027008831,42.15841870687901,7.485592016363302e-128,12.196666666666667,1.2587879212416815,0.20908886789729716
1000000000000000.0,0.01,0.04,150,data/BIT.xlsx,5678,混合效应,1.4833333333333334,1512.8378693675497,485.26666666666665,1.29,589.1866666666666,473.07,0.19333333333333333,1.787966517240119,0.07479394866726716,923.6512027008831,42.15841870687901,7.485592016363302e-128,12.196666666666667,1.2587879212416815,0.20908886789729716
1000000000000000.0,0.01,0.07,150,data/BIT.xlsx,5678,混合效应,1.4833333333333334,1512.8378693675497,485.26666666666665,1.29,589.1866666666666,473.07,0.19333333333333333,1.787966517240119,0.07479394866726716,923.6512027008831,42.15841870687901,7.485592016363302e-128,12.196666666666667,1.2587879212416815,0.20908886789729716
1000000000000000.0,0.01,0.1,150,data/BIT.xlsx,5678,混合效应,1.4833333333333334,1512.8378693675497,485.26666666666665,1.29,589.1866666666666,473.07,0.19333333333333333,1.787966517240119,0.07479394866726716,923.6512027008831,42.15841870687901,7.485592016363302e-128,12.196666666666667,1.2587879212416815,0.20908886789729716
1000000000.0,0.001,0.01,150,data/BIT.xlsx,91011,混合效应,1.7091983333333822,617.1557850685036,393.60333333333335,2.3133333333333335,562.64,378.06666666666666,-0.6041349999999511,-2.046156964025586,0.04161540699995432,54.51578506850363,5.447730082073323,1.0668419253519086e-07,15.536666666666667,0.8038858440162895,0.4221015513027697
1000000000.0,0.001,0.04,150,data/BIT.xlsx,91011,混合效应,1.7091983333333822,617.1557850685036,393.60333333333335,2.3133333333333335,562.64,378.06666666666666,-0.6041349999999511,-2.046156964025586,0.04161540699995432,54.51578506850363,5.447730082073323,1.0668419253519086e-07,15.536666666666667,0.8038858440162895,0.4221015513027697
1000000000.0,0.001,0.07,150,data/BIT.xlsx,91011,混合效应,1.7091983333333822,617.1557850685036,393.60333333333335,2.3133333333333335,562.64,378.06666666666666,-0.6041349999999511,-2.046156964025586,0.04161540699995432,54.51578506850363,5.447730082073323,1.0668419253519086e-07,15.536666666666667,0.8038858440162895,0.4221015513027697
1000000000.0,0.001,0.1,150,data/BIT.xlsx,91011,混合效应,1.7091983333333822,617.1557850685036,393.60333333333335,2.3133333333333335,562.64,378.06666666666666,-0.6041349999999511,-2.046156964025586,0.04161540699995432,54.51578506850363,5.447730082073323,1.0668419253519086e-07,15.536666666666667,0.8038858440162895,0.4221015513027697
1000000000.0,0.004,0.01,150,data/BIT.xlsx,91011,混合效应,1.7166666666666666,617.1566078693676,393.60333333333335,2.3133333333333335,562.64,378.06666666666666,-0.5966666666666667,-2.0200058127869376,0.04427436393010016,54.51660786936755,5.447811910039342,1.0663957349613505e-07,15.536666666666667,0.8038858440162895,0.4221015513027697
1000000000.0,0.004,0.04,150,data/BIT.xlsx,91011,混合效应,1.7166666666666666,617.1566078693676,393.60333333333335,2.3133333333333335,562.64,378.06666666666666,-0.5966666666666667,-2.0200058127869376,0.04427436393010016,54.51660786936755,5.447811910039342,1.0663957349613505e-07,15.536666666666667,0.8038858440162895,0.4221015513027697
1000000000.0,0.004,0.07,150,data/BIT.xlsx,91011,混合效应,1.7166666666666666,617.1566078693676,393.60333333333335,2.3133333333333335,562.64,378.06666666666666,-0.5966666666666667,-2.0200058127869376,0.04427436393010016,54.51660786936755,5.447811910039342,1.0663957349613505e-07,15.536666666666667,0.8038858440162895,0.4221015513027697
1000000000.0,0.004,0.1,150,data/BIT.xlsx,91011,混合效应,1.7166666666666666,617.1566078693676,393.60333333333335,2.3133333333333335,562.64,378.06666666666666,-0.5966666666666667,-2.0200058127869376,0.04427436393010016,54.51660786936755,5.447811910039342,1.0663957349613505e-07,15.536666666666667,0.8038858440162895,0.4221015513027697
1000000000.0,0.007,0.01,150,data/BIT.xlsx,91011,混合效应,1.7166666666666666,617.1566078693676,393.60333333333335,2.3133333333333335,562.64,378.06666666666666,-0.5966666666666667,-2.0200058127869376,0.04427436393010016,54.51660786936755,5.447811910039342,1.0663957349613505e-07,15.536666666666667,0.8038858440162895,0.4221015513027697
1000000000.0,0.007,0.04,150,data/BIT.xlsx,91011,混合效应,1.7166666666666666,617.1566078693676,393.60333333333335,2.3133333333333335,562.64,378.06666666666666,-0.5966666666666667,-2.0200058127869376,0.04427436393010016,54.51660786936755,5.447811910039342,1.0663957349613505e-07,15.536666666666667,0.8038858440162895,0.4221015513027697
1000000000.0,0.007,0.07,150,data/BIT.xlsx,91011,混合效应,1.7166666666666666,617.1566078693676,393.60333333333335,2.3133333333333335,562.64,378.06666666666666,-0.5966666666666667,-2.0200058127869376,0.04427436393010016,54.51660786936755,5.447811910039342,1.0663957349613505e-07,15.536666666666667,0.8038858440162895,0.4221015513027697
1000000000.0,0.007,0.1,150,data/BIT.xlsx,91011,混合效应,1.7166666666666666,617.1566078693676,393.60333333333335,2.3133333333333335,562.64,378.06666666666666,-0.5966666666666667,-2.0200058127869376,0.04427436393010016,54.51660786936755,5.447811910039342,1.0663957349613505e-07,15.536666666666667,0.8038858440162895,0.4221015513027697
1000000000.0,0.01,0.01,150,data/BIT.xlsx,91011,混合效应,1.7166666666666666,617.1566078693676,393.60333333333335,2.3133333333333335,562.64,378.06666666666666,-0.5966666666666667,-2.0200058127869376,0.04427436393010016,54.51660786936755,5.447811910039342,1.0663957349613505e-07,15.536666666666667,0.8038858440162895,0.4221015513027697
1000000000.0,0.01,0.04,150,data/BIT.xlsx,91011,混合效应,1.7166666666666666,617.1566078693676,393.60333333333335,2.3133333333333335,562.64,378.06666666666666,-0.5966666666666667,-2.0200058127869376,0.04427436393010016,54.51660786936755,5.447811910039342,1.0663957349613505e-07,15.536666666666667,0.8038858440162895,0.4221015513027697
1000000000.0,0.01,0.07,150,data/BIT.xlsx,91011,混合效应,1.7166666666666666,617.1566078693676,393.60333333333335,2.3133333333333335,562.64,378.06666666666666,-0.5966666666666667,-2.0200058127869376,0.04427436393010016,54.51660786936755,5.447811910039342,1.0663957349613505e-07,15.536666666666667,0.8038858440162895,0.4221015513027697
1000000000.0,0.01,0.1,150,data/BIT.xlsx,91011,混合效应,1.7166666666666666,617.1566078693676,393.60333333333335,2.3133333333333335,562.64,378.06666666666666,-0.5966666666666667,-2.0200058127869376,0.04427436393010016,54.51660786936755,5.447811910039342,1.0663957349613505e-07,15.536666666666667,0.8038858440162895,0.4221015513027697
100000000000.0,0.001,0.01,150,data/BIT.xlsx,91011,混合效应,1.7091983333332852,625.5778506850362,393.60333333333335,2.3133333333333335,562.64,378.06666666666666,-0.6041350000000482,-2.046156964025917,0.0416154069999215,62.93785068503623,6.289346199680489,1.1291654404827375e-09,15.536666666666667,0.8038858440162895,0.4221015513027697
100000000000.0,0.001,0.04,150,data/BIT.xlsx,91011,混合效应,1.7091983333332852,625.5778506850362,393.60333333333335,2.3133333333333335,562.64,378.06666666666666,-0.6041350000000482,-2.046156964025917,0.0416154069999215,62.93785068503623,6.289346199680489,1.1291654404827375e-09,15.536666666666667,0.8038858440162895,0.4221015513027697
100000000000.0,0.001,0.07,150,data/BIT.xlsx,91011,混合效应,1.7091983333332852,625.5778506850362,393.60333333333335,2.3133333333333335,562.64,378.06666666666666,-0.6041350000000482,-2.046156964025917,0.0416154069999215,62.93785068503623,6.289346199680489,1.1291654404827375e-09,15.536666666666667,0.8038858440162895,0.4221015513027697
100000000000.0,0.001,0.1,150,data/BIT.xlsx,91011,混合效应,1.7091983333332852,625.5778506850362,393.60333333333335,2.3133333333333335,562.64,378.06666666666666,-0.6041350000000482,-2.046156964025917,0.0416154069999215,62.93785068503623,6.289346199680489,1.1291654404827375e-09,15.536666666666667,0.8038858440162895,0.4221015513027697
100000000000.0,0.004,0.01,150,data/BIT.xlsx,91011,混合效应,1.7166666666666666,625.5860786936754,393.60333333333335,2.3133333333333335,562.64,378.06666666666666,-0.5966666666666667,-2.0200058127869376,0.04427436393010016,62.946078693675496,6.290163871152412,1.1239259200037755e-09,15.536666666666667,0.8038858440162895,0.4221015513027697
100000000000.0,0.004,0.04,150,data/BIT.xlsx,91011,混合效应,1.7166666666666666,625.5860786936754,393.60333333333335,2.3133333333333335,562.64,378.06666666666666,-0.5966666666666667,-2.0200058127869376,0.04427436393010016,62.946078693675496,6.290163871152412,1.1239259200037755e-09,15.536666666666667,0.8038858440162895,0.4221015513027697
100000000000.0,0.004,0.07,150,data/BIT.xlsx,91011,混合效应,1.7166666666666666,625.5860786936754,393.60333333333335,2.3133333333333335,562.64,378.06666666666666,-0.5966666666666667,-2.0200058127869376,0.04427436393010016,62.946078693675496,6.290163871152412,1.1239259200037755e-09,15.536666666666667,0.8038858440162895,0.4221015513027697
100000000000.0,0.004,0.1,150,data/BIT.xlsx,91011,混合效应,1.7166666666666666,625.5860786936754,393.60333333333335,2.3133333333333335,562.64,378.06666666666666,-0.5966666666666667,-2.0200058127869376,0.04427436393010016,62.946078693675496,6.290163871152412,1.1239259200037755e-09,15.536666666666667,0.8038858440162895,0.4221015513027697
100000000000.0,0.007,0.01,150,data/BIT.xlsx,91011,混合效应,1.7166666666666666,625.5860786936754,393.60333333333335,2.3133333333333335,562.64,378.06666666666666,-0.5966666666666667,-2.0200058127869376,0.04427436393010016,62.946078693675496,6.290163871152412,1.1239259200037755e-09,15.536666666666667,0.8038858440162895,0.4221015513027697
100000000000.0,0.007,0.04,150,data/BIT.xlsx,91011,混合效应,1.7166666666666666,625.5860786936754,393.60333333333335,2.3133333333333335,562.64,378.06666666666666,-0.5966666666666667,-2.0200058127869376,0.04427436393010016,62.946078693675496,6.290163871152412,1.1239259200037755e-09,15.536666666666667,0.8038858440162895,0.4221015513027697
100000000000.0,0.007,0.07,150,data/BIT.xlsx,91011,混合效应,1.7166666666666666,625.5860786936754,393.60333333333335,2.3133333333333335,562.64,378.06666666666666,-0.5966666666666667,-2.0200058127869376,0.04427436393010016,62.946078693675496,6.290163871152412,1.1239259200037755e-09,15.536666666666667,0.8038858440162895,0.4221015513027697
100000000000.0,0.007,0.1,150,data/BIT.xlsx,91011,混合效应,1.7166666666666666,625.5860786936754,393.60333333333335,2.3133333333333335,562.64,378.06666666666666,-0.5966666666666667,-2.0200058127869376,0.04427436393010016,62.946078693675496,6.290163871152412,1.1239259200037755e-09,15.536666666666667,0.8038858440162895,0.4221015513027697
100000000000.0,0.01,0.01,150,data/BIT.xlsx,91011,混合效应,1.7166666666666666,625.5860786936754,393.60333333333335,2.3133333333333335,562.64,378.06666666666666,-0.5966666666666667,-2.0200058127869376,0.04427436393010016,62.946078693675496,6.290163871152412,1.1239259200037755e-09,15.536666666666667,0.8038858440162895,0.4221015513027697
100000000000.0,0.01,0.04,150,data/BIT.xlsx,91011,混合效应,1.7166666666666666,625.5860786936754,393.60333333333335,2.3133333333333335,562.64,378.06666666666666,-0.5966666666666667,-2.0200058127869376,0.04427436393010016,62.946078693675496,6.290163871152412,1.1239259200037755e-09,15.536666666666667,0.8038858440162895,0.4221015513027697
100000000000.0,0.01,0.07,150,data/BIT.xlsx,91011,混合效应,1.7166666666666666,625.5860786936754,393.60333333333335,2.3133333333333335,562.64,378.06666666666666,-0.5966666666666667,-2.0200058127869376,0.04427436393010016,62.946078693675496,6.290163871152412,1.1239259200037755e-09,15.536666666666667,0.8038858440162895,0.4221015513027697
100000000000.0,0.01,0.1,150,data/BIT.xlsx,91011,混合效应,1.7166666666666666,625.5860786936754,393.60333333333335,2.3133333333333335,562.64,378.06666666666666,-0.5966666666666667,-2.0200058127869376,0.04427436393010016,62.946078693675496,6.290163871152412,1.1239259200037755e-09,15.536666666666667,0.8038858440162895,0.4221015513027697
10000000000000.0,0.001,0.01,150,data/BIT.xlsx,91011,混合效应,1.7091983333333338,709.7985068503624,393.60333333333335,2.3133333333333335,562.64,378.06666666666666,-0.6041349999999996,-2.0461569640257515,0.0416154069999379,147.15850685036233,14.705567506329087,3.2808079699274143e-37,15.536666666666667,0.8038858440162895,0.4221015513027697
10000000000000.0,0.001,0.04,150,data/BIT.xlsx,91011,混合效应,1.7091983333333338,709.7985068503624,393.60333333333335,2.3133333333333335,562.64,378.06666666666666,-0.6041349999999996,-2.0461569640257515,0.0416154069999379,147.15850685036233,14.705567506329087,3.2808079699274143e-37,15.536666666666667,0.8038858440162895,0.4221015513027697
10000000000000.0,0.001,0.07,150,data/BIT.xlsx,91011,混合效应,1.7091983333333338,709.7985068503624,393.60333333333335,2.3133333333333335,562.64,378.06666666666666,-0.6041349999999996,-2.0461569640257515,0.0416154069999379,147.15850685036233,14.705567506329087,3.2808079699274143e-37,15.536666666666667,0.8038858440162895,0.4221015513027697
10000000000000.0,0.001,0.1,150,data/BIT.xlsx,91011,混合效应,1.7091983333333338,709.7985068503624,393.60333333333335,2.3133333333333335,562.64,378.06666666666666,-0.6041349999999996,-2.0461569640257515,0.0416154069999379,147.15850685036233,14.705567506329087,3.2808079699274143e-37,15.536666666666667,0.8038858440162895,0.4221015513027697
10000000000000.0,0.004,0.01,150,data/BIT.xlsx,91011,混合效应,1.7166666666666666,709.880786936755,393.60333333333335,2.3133333333333335,562.64,378.06666666666666,-0.5966666666666667,-2.0200058127869376,0.04427436393010016,147.24078693675497,14.713683482283113,3.0603004228246226e-37,15.536666666666667,0.8038858440162895,0.4221015513027697
10000000000000.0,0.004,0.04,150,data/BIT.xlsx,91011,混合效应,1.7166666666666666,709.880786936755,393.60333333333335,2.3133333333333335,562.64,378.06666666666666,-0.5966666666666667,-2.0200058127869376,0.04427436393010016,147.24078693675497,14.713683482283113,3.0603004228246226e-37,15.536666666666667,0.8038858440162895,0.4221015513027697
10000000000000.0,0.004,0.07,150,data/BIT.xlsx,91011,混合效应,1.7166666666666666,709.880786936755,393.60333333333335,2.3133333333333335,562.64,378.06666666666666,-0.5966666666666667,-2.0200058127869376,0.04427436393010016,147.24078693675497,14.713683482283113,3.0603004228246226e-37,15.536666666666667,0.8038858440162895,0.4221015513027697
10000000000000.0,0.004,0.1,150,data/BIT.xlsx,91011,混合效应,1.7166666666666666,709.880786936755,393.60333333333335,2.3133333333333335,562.64,378.06666666666666,-0.5966666666666667,-2.0200058127869376,0.04427436393010016,147.24078693675497,14.713683482283113,3.0603004228246226e-37,15.536666666666667,0.8038858440162895,0.4221015513027697
10000000000000.0,0.007,0.01,150,data/BIT.xlsx,91011,混合效应,1.7166666666666666,709.880786936755,393.60333333333335,2.3133333333333335,562.64,378.06666666666666,-0.5966666666666667,-2.0200058127869376,0.04427436393010016,147.24078693675497,14.713683482283113,3.0603004228246226e-37,15.536666666666667,0.8038858440162895,0.4221015513027697
10000000000000.0,0.007,0.04,150,data/BIT.xlsx,91011,混合效应,1.7166666666666666,709.880786936755,393.60333333333335,2.3133333333333335,562.64,378.06666666666666,-0.5966666666666667,-2.0200058127869376,0.04427436393010016,147.24078693675497,14.713683482283113,3.0603004228246226e-37,15.536666666666667,0.8038858440162895,0.4221015513027697
10000000000000.0,0.007,0.07,150,data/BIT.xlsx,91011,混合效应,1.7166666666666666,709.880786936755,393.60333333333335,2.3133333333333335,562.64,378.06666666666666,-0.5966666666666667,-2.0200058127869376,0.04427436393010016,147.24078693675497,14.713683482283113,3.0603004228246226e-37,15.536666666666667,0.8038858440162895,0.4221015513027697
10000000000000.0,0.007,0.1,150,data/BIT.xlsx,91011,混合效应,1.7166666666666666,709.880786936755,393.60333333333335,2.3133333333333335,562.64,378.06666666666666,-0.5966666666666667,-2.0200058127869376,0.04427436393010016,147.24078693675497,14.713683482283113,3.0603004228246226e-37,15.536666666666667,0.8038858440162895,0.4221015513027697
10000000000000.0,0.01,0.01,150,data/BIT.xlsx,91011,混合效应,1.7166666666666666,709.880786936755,393.60333333333335,2.3133333333333335,562.64,378.06666666666666,-0.5966666666666667,-2.0200058127869376,0.04427436393010016,147.24078693675497,14.713683482283113,3.0603004228246226e-37,15.536666666666667,0.8038858440162895,0.4221015513027697
10000000000000.0,0.01,0.04,150,data/BIT.xlsx,91011,混合效应,1.7166666666666666,709.880786936755,393.60333333333335,2.3133333333333335,562.64,378.06666666666666,-0.5966666666666667,-2.0200058127869376,0.04427436393010016,147.24078693675497,14.713683482283113,3.0603004228246226e-37,15.536666666666667,0.8038858440162895,0.4221015513027697
10000000000000.0,0.01,0.07,150,data/BIT.xlsx,91011,混合效应,1.7166666666666666,709.880786936755,393.60333333333335,2.3133333333333335,562.64,378.06666666666666,-0.5966666666666667,-2.0200058127869376,0.04427436393010016,147.24078693675497,14.713683482283113,3.0603004228246226e-37,15.536666666666667,0.8038858440162895,0.4221015513027697
10000000000000.0,0.01,0.1,150,data/BIT.xlsx,91011,混合效应,1.7166666666666666,709.880786936755,393.60333333333335,2.3133333333333335,562.64,378.06666666666666,-0.5966666666666667,-2.0200058127869376,0.04427436393010016,147.24078693675497,14.713683482283113,3.0603004228246226e-37,15.536666666666667,0.8038858440162895,0.4221015513027697
1000000000000000.0,0.001,0.01,150,data/BIT.xlsx,91011,混合效应,1.7091983333333338,1552.0050685036233,393.60333333333335,2.3133333333333335,562.64,378.06666666666666,-0.6041349999999996,-2.0461569640257515,0.0416154069999379,989.3650685036233,98.87371363024332,1.985517095695259e-230,15.536666666666667,0.8038858440162895,0.4221015513027697
1000000000000000.0,0.001,0.04,150,data/BIT.xlsx,91011,混合效应,1.7091983333333338,1552.0050685036233,393.60333333333335,2.3133333333333335,562.64,378.06666666666666,-0.6041349999999996,-2.0461569640257515,0.0416154069999379,989.3650685036233,98.87371363024332,1.985517095695259e-230,15.536666666666667,0.8038858440162895,0.4221015513027697
1000000000000000.0,0.001,0.07,150,data/BIT.xlsx,91011,混合效应,1.7091983333333338,1552.0050685036233,393.60333333333335,2.3133333333333335,562.64,378.06666666666666,-0.6041349999999996,-2.0461569640257515,0.0416154069999379,989.3650685036233,98.87371363024332,1.985517095695259e-230,15.536666666666667,0.8038858440162895,0.4221015513027697
1000000000000000.0,0.001,0.1,150,data/BIT.xlsx,91011,混合效应,1.7091983333333338,1552.0050685036233,393.60333333333335,2.3133333333333335,562.64,378.06666666666666,-0.6041349999999996,-2.0461569640257515,0.0416154069999379,989.3650685036233,98.87371363024332,1.985517095695259e-230,15.536666666666667,0.8038858440162895,0.4221015513027697
1000000000000000.0,0.004,0.01,150,data/BIT.xlsx,91011,混合效应,1.7166666666666666,1552.8278693675497,393.60333333333335,2.3133333333333335,562.64,378.06666666666666,-0.5966666666666667,-2.0200058127869376,0.04427436393010016,990.1878693675499,98.94887959359015,1.59261183548124e-230,15.536666666666667,0.8038858440162895,0.4221015513027697
1000000000000000.0,0.004,0.04,150,data/BIT.xlsx,91011,混合效应,1.7166666666666666,1552.8278693675497,393.60333333333335,2.3133333333333335,562.64,378.06666666666666,-0.5966666666666667,-2.0200058127869376,0.04427436393010016,990.1878693675499,98.94887959359015,1.59261183548124e-230,15.536666666666667,0.8038858440162895,0.4221015513027697
1000000000000000.0,0.004,0.07,150,data/BIT.xlsx,91011,混合效应,1.7166666666666666,1552.8278693675497,393.60333333333335,2.3133333333333335,562.64,378.06666666666666,-0.5966666666666667,-2.0200058127869376,0.04427436393010016,990.1878693675499,98.94887959359015,1.59261183548124e-230,15.536666666666667,0.8038858440162895,0.4221015513027697
1000000000000000.0,0.004,0.1,150,data/BIT.xlsx,91011,混合效应,1.7166666666666666,1552.8278693675497,393.60333333333335,2.3133333333333335,562.64,378.06666666666666,-0.5966666666666667,-2.0200058127869376,0.04427436393010016,990.1878693675499,98.94887959359015,1.59261183548124e-230,15.536666666666667,0.8038858440162895,0.4221015513027697
1000000000000000.0,0.007,0.01,150,data/BIT.xlsx,91011,混合效应,1.7166666666666666,1552.8278693675497,393.60333333333335,2.3133333333333335,562.64,378.06666666666666,-0.5966666666666667,-2.0200058127869376,0.04427436393010016,990.1878693675499,98.94887959359015,1.59261183548124e-230,15.536666666666667,0.8038858440162895,0.4221015513027697
1000000000000000.0,0.007,0.04,150,data/BIT.xlsx,91011,混合效应,1.7166666666666666,1552.8278693675497,393.60333333333335,2.3133333333333335,562.64,378.06666666666666,-0.5966666666666667,-2.0200058127869376,0.04427436393010016,990.1878693675499,98.94887959359015,1.59261183548124e-230,15.536666666666667,0.8038858440162895,0.4221015513027697
1000000000000000.0,0.007,0.07,150,data/BIT.xlsx,91011,混合效应,1.7166666666666666,1552.8278693675497,393.60333333333335,2.3133333333333335,562.64,378.06666666666666,-0.5966666666666667,-2.0200058127869376,0.04427436393010016,990.1878693675499,98.94887959359015,1.59261183548124e-230,15.536666666666667,0.8038858440162895,0.4221015513027697
1000000000000000.0,0.007,0.1,150,data/BIT.xlsx,91011,混合效应,1.7166666666666666,1552.8278693675497,393.60333333333335,2.3133333333333335,562.64,378.06666666666666,-0.5966666666666667,-2.0200058127869376,0.04427436393010016,990.1878693675499,98.94887959359015,1.59261183548124e-230,15.536666666666667,0.8038858440162895,0.4221015513027697
1000000000000000.0,0.01,0.01,150,data/BIT.xlsx,91011,混合效应,1.7166666666666666,1552.8278693675497,393.60333333333335,2.3133333333333335,562.64,378.06666666666666,-0.5966666666666667,-2.0200058127869376,0.04427436393010016,990.1878693675499,98.94887959359015,1.59261183548124e-230,15.536666666666667,0.8038858440162895,0.4221015513027697
1000000000000000.0,0.01,0.04,150,data/BIT.xlsx,91011,混合效应,1.7166666666666666,1552.8278693675497,393.60333333333335,2.3133333333333335,562.64,378.06666666666666,-0.5966666666666667,-2.0200058127869376,0.04427436393010016,990.1878693675499,98.94887959359015,1.59261183548124e-230,15.536666666666667,0.8038858440162895,0.4221015513027697
1000000000000000.0,0.01,0.07,150,data/BIT.xlsx,91011,混合效应,1.7166666666666666,1552.8278693675497,393.60333333333335,2.3133333333333335,562.64,378.06666666666666,-0.5966666666666667,-2.0200058127869376,0.04427436393010016,990.1878693675499,98.94887959359015,1.59261183548124e-230,15.536666666666667,0.8038858440162895,0.4221015513027697
1000000000000000.0,0.01,0.1,150,data/BIT.xlsx,91011,混合效应,1.7166666666666666,1552.8278693675497,393.60333333333335,2.3133333333333335,562.64,378.06666666666666,-0.5966666666666667,-2.0200058127869376,0.04427436393010016,990.1878693675499,98.94887959359015,1.59261183548124e-230,15.536666666666667,0.8038858440162895,0.4221015513027697
1000000000.0,0.001,0.01,200,data/ETH1.xlsx,5678,混合效应,8.308915252068445,394.7969485710535,714.7056856187291,31.652173913043477,241.01003344481606,600.3745819397993,-23.343258660975035,-6.10700175453018,3.1620193590751164e-09,153.78691512623743,7.822440131816248,9.053380359967211e-14,114.33110367892976,1.0728230745929095,0.28421849926141673
1000000000.0,0.001,0.04,200,data/ETH1.xlsx,5678,混合效应,22.88993103083466,349.45721318317123,706.6688963210702,31.652173913043477,241.01003344481606,600.3745819397993,-8.762242882208819,-1.9674041780310345,0.05006392070955712,108.44717973835515,4.66458471150263,4.675857254986937e-06,106.29431438127091,1.065987018121886,0.28729239804761614
1000000000.0,0.001,0.07,200,data/ETH1.xlsx,5678,混合效应,31.026834885815273,339.79122733123006,712.9866220735786,31.652173913043477,241.01003344481606,600.3745819397993,-0.6253390272282044,-0.11869053406114793,0.9056005033888245,98.78119388641403,4.2310826563185575,3.099276524328827e-05,112.61204013377926,1.073807382626562,0.283777745148513
1000000000.0,0.001,0.1,200,data/ETH1.xlsx,5678,混合效应,38.94331804337599,336.43039495581445,705.0401337792642,31.652173913043477,241.01003344481606,600.3745819397993,7.291144130332508,1.155809719879009,0.24868481685438742,95.4203615109984,4.1144782124297645,5.0265518245111505e-05,104.66555183946488,1.086094937072555,0.27831475874856165
1000000000.0,0.004,0.01,200,data/ETH1.xlsx,5678,混合效应,8.328012417285898,373.61995944644286,706.5752508361204,31.652173913043477,241.01003344481606,600.3745819397993,-23.324161495757583,-6.105442700479187,3.1895726900552784e-09,132.6099260016268,6.339335048921391,8.524512199611551e-10,106.20066889632108,1.0284571662393154,0.30456886417439144
1000000000.0,0.004,0.04,200,data/ETH1.xlsx,5678,混合效应,25.113774658260173,343.47018621250675,706.5418060200669,31.652173913043477,241.01003344481606,600.3745819397993,-6.538399254783304,-1.4967464069799645,0.13551761529864376,102.46015276769072,4.385066645131363,1.6098294406915873e-05,106.16722408026756,1.0078006184751602,0.3143677898537664
1000000000.0,0.004,0.07,200,data/ETH1.xlsx,5678,混合效应,29.561251066371245,368.58039657691296,750.0836120401337,31.652173913043477,241.01003344481606,600.3745819397993,-2.0909228466722354,-0.49459304123375764,0.6212518378719905,127.57036313209693,5.131624185804975,5.188774886319296e-07,149.70903010033445,1.5087943770612429,0.13241080587784892
1000000000.0,0.004,0.1,200,data/ETH1.xlsx,5678,混合效应,34.90805983728282,387.14235090993105,745.7391304347826,31.652173913043477,241.01003344481606,600.3745819397993,3.2558859242393416,0.5612843676980972,0.5750255251065719,146.13231746511494,6.037829171418922,4.639441890165756e-09,145.36454849498327,1.4016823516737718,0.16205079379086612
1000000000.0,0.007,0.01,200,data/ETH1.xlsx,5678,混合效应,9.623723537360267,396.50814930883934,664.9698996655518,31.652173913043477,241.01003344481606,600.3745819397993,-22.028450375683214,-5.77012835609045,1.984274347835499e-08,155.49811586402336,7.203007185255315,4.837544736139485e-12,64.59531772575251,0.7930901676535698,0.42835627223692196
1000000000.0,0.007,0.04,200,data/ETH1.xlsx,5678,混合效应,22.810773314990985,352.7972658036498,702.6622073578595,31.652173913043477,241.01003344481606,600.3745819397993,-8.84140059805249,-2.011100612951292,0.045215120406110566,111.78723235883372,4.8355405306956705,2.1312558873205257e-06,102.2876254180602,0.9715280163166659,0.33207330683635494
1000000000.0,0.007,0.07,200,data/ETH1.xlsx,5678,混合效应,35.19616620894681,328.30793136853816,691.010033444816,31.652173913043477,241.01003344481606,600.3745819397993,3.5439922959033363,0.7101057763422943,0.47819384833410084,87.29789792372212,3.7230848883334615,0.00023527895220145585,90.63545150501672,0.8933050258455407,0.3724146792869517
1000000000.0,0.007,0.1,200,data/ETH1.xlsx,5678,混合效应,39.77456425231427,343.12762097087386,688.989966555184,31.652173913043477,241.01003344481606,600.3745819397993,8.122390339270794,1.4359718927197747,0.15205921235135267,102.11758752605779,4.35727153108257,1.8143823595645417e-05,88.61538461538461,0.9487381983381696,0.3435225239290698
1000000000.0,0.01,0.01,200,data/ETH1.xlsx,5678,混合效应,11.63735463691178,378.1362272322063,677.9297658862877,31.652173913043477,241.01003344481606,600.3745819397993,-20.0148192761317,-5.258795474196834,2.77259805231798e-07,137.12619378739032,6.592598003680434,1.9624915392744198e-10,77.5551839464883,0.9519481947224115,0.3418947176720438
1000000000.0,0.01,0.04,200,data/ETH1.xlsx,5678,混合效应,26.404530059182076,347.60397265783513,723.9832775919732,31.652173913043477,241.01003344481606,600.3745819397993,-5.247643853861399,-1.1618926296770005,0.2462088135882566,106.59393921301904,4.5770629122541555,6.931072646542822e-06,123.6086956521739,1.1642545375679951,0.24525211279731435
1000000000.0,0.01,0.07,200,data/ETH1.xlsx,5678,混合效应,35.85815011693867,343.3352898615861,719.1103678929766,31.652173913043477,241.01003344481606,600.3745819397993,4.205976203895187,0.8075438945316612,0.41999730060676044,102.3252564167701,4.401728507496734,1.4980042947411578e-05,118.73578595317726,1.2025256890164373,0.23011452617982803
1000000000.0,0.01,0.1,200,data/ETH1.xlsx,5678,混合效应,36.67182503410251,347.5828795704943,701.7759197324415,31.652173913043477,241.01003344481606,600.3745819397993,5.019651121059036,0.946453414916638,0.34468417549347474,106.57284612567818,4.550559279354143,7.799371769488684e-06,101.40133779264214,1.0590251241003241,0.29044597671111916
100000000000.0,0.001,0.01,200,data/ETH1.xlsx,5678,混合效应,7.660200906701965,419.31556106560595,710.4448160535117,31.652173913043477,241.01003344481606,600.3745819397993,-23.991973006341514,-6.258732587373798,1.3486961007515001e-09,178.30552762078995,9.434811842772767,1.1629160294537095e-18,110.07023411371237,1.064211026044094,0.2880946665622473
100000000000.0,0.001,0.04,200,data/ETH1.xlsx,5678,混合效应,21.215580542456706,396.4811358606393,737.6387959866221,31.652173913043477,241.01003344481606,600.3745819397993,-10.436593370586776,-2.4172724727109425,0.01623749176730852,155.47110241582328,6.645737622361288,1.4346066181016685e-10,137.26421404682273,1.2823408122559,0.20071974083197155
100000000000.0,0.001,0.07,200,data/ETH1.xlsx,5678,混合效应,34.371546584640356,386.14915661365706,724.3946488294314,31.652173913043477,241.01003344481606,600.3745819397993,2.7193726715968736,0.5840971472277962,0.5595968330172025,145.13912316884105,6.150494962259295,2.480651939966789e-09,124.0200668896321,1.1819143755978234,0.23818194401829318
100000000000.0,0.001,0.1,200,data/ETH1.xlsx,5678,混合效应,39.58873717070944,370.2862507364761,680.9197324414715,31.652173913043477,241.01003344481606,600.3745819397993,7.936563257665962,1.43640212522704,0.15193691163947073,129.27621729166015,5.527902291174886,7.082272979903479e-08,80.54515050167224,0.797486050255137,0.4258037774984027
100000000000.0,0.004,0.01,200,data/ETH1.xlsx,5678,混合效应,8.543100682969941,412.06461153788797,640.418060200669,31.652173913043477,241.01003344481606,600.3745819397993,-23.109073230073538,-6.049668381898381,4.345770972142578e-09,171.0545780930719,8.364003166754344,2.3633488427613996e-15,40.04347826086956,0.5001464244494199,0.6173411073862103
100000000000.0,0.004,0.04,200,data/ETH1.xlsx,5678,混合效应,29.145591001493404,380.51245782384495,680.7591973244147,31.652173913043477,241.01003344481606,600.3745819397993,-2.506582911550073,-0.5405745771035996,0.5892046448999653,139.5024243790289,5.9294484846577475,8.404963159544523e-09,80.38461538461539,0.805167802146688,0.42136480359478534
100000000000.0,0.004,0.07,200,data/ETH1.xlsx,5678,混合效应,29.9415446941469,396.3529263749363,716.0066889632106,31.652173913043477,241.01003344481606,600.3745819397993,-1.7106292188965764,-0.34530312268647584,0.7301101081061376,155.34289293012026,6.641822533631301,1.4681972054548734e-10,115.63210702341136,1.1049795997367613,0.2700597721749039
100000000000.0,0.004,0.1,200,data/ETH1.xlsx,5678,混合效应 (恶化价差/增加流动性),50.26237525746734,377.027014129588,669.6755852842809,31.652173913043477,241.01003344481606,600.3745819397993,18.61020134442386,2.5496885334164916,0.011282593871011286,136.01698068477194,5.8475792460012475,1.309738738171139e-08,69.3010033444816,0.7478013880968121,0.45516966659304814
100000000000.0,0.007,0.01,200,data/ETH1.xlsx,5678,混合效应,9.574702878013305,424.46849245958725,649.1705685618729,31.652173913043477,241.01003344481606,600.3745819397993,-22.07747103503017,-5.6881472837007605,3.066275330501298e-08,183.45845901477128,8.893419658467023,5.831027740593155e-17,48.79598662207358,0.6106763829133505,0.5418793125353931
100000000000.0,0.007,0.04,200,data/ETH1.xlsx,5678,混合效应,28.851674982770565,387.4014073474254,702.438127090301,31.652173913043477,241.01003344481606,600.3745819397993,-2.800498930272915,-0.6300508936046609,0.5291440875733743,146.39137390260936,6.216177176041074,1.71540044956717e-09,102.06354515050167,0.9756704840131096,0.33001912447051385
100000000000.0,0.007,0.07,200,data/ETH1.xlsx,5678,混合效应,34.887783795331316,381.77211506582614,684.2675585284281,31.652173913043477,241.01003344481606,600.3745819397993,3.235609882287843,0.6269465190254642,0.5311743090612611,140.76208162101008,6.006573403813852,5.511161549981028e-09,83.89297658862876,0.8290805965431262,0.40772238437408914
100000000000.0,0.007,0.1,200,data/ETH1.xlsx,5678,混合效应 (恶化价差/增加流动性),47.41376409448153,369.33122845301114,717.6387959866221,31.652173913043477,241.01003344481606,600.3745819397993,15.76159018143805,2.650168956168014,0.008474780266101493,128.32119500819513,5.461702537742779,9.955609469936356e-08,117.26421404682274,1.0988717732648468,0.27271099586641323
100000000000.0,0.01,0.01,200,data/ETH1.xlsx,5678,混合效应,11.88312524493842,431.24928803369687,723.9531772575251,31.652173913043477,241.01003344481606,600.3745819397993,-19.769048668105057,-5.220183991971942,3.35789912922845e-07,190.23925458888075,9.142532565484306,9.775695162364401e-18,123.57859531772576,1.2375826140301107,0.21684508776661315
100000000000.0,0.01,0.04,200,data/ETH1.xlsx,5678,混合效应,20.010103295133515,422.32463981664347,772.1270903010034,31.652173913043477,241.01003344481606,600.3745819397993,-11.64207061790996,-2.968539391067722,0.0032350515519415624,181.3146063718274,7.679242951825233,2.3141439844708966e-13,171.752508361204,1.528967674839182,0.1273332090055059
100000000000.0,0.01,0.07,200,data/ETH1.xlsx,5678,混合效应,33.06344130670472,391.3627276035407,751.2775919732442,31.652173913043477,241.01003344481606,600.3745819397993,1.4112673936612454,0.28800859623216846,0.7735403613616314,150.35269415872463,6.264745327734964,1.30351017344275e-09,150.90301003344482,1.2227655937202981,0.22238439219531103
100000000000.0,0.01,0.1,200,data/ETH1.xlsx,5678,混合效应 (恶化价差/增加流动性),46.597480892504045,377.29166357920656,705.752508361204,31.652173913043477,241.01003344481606,600.3745819397993,14.945306979460574,2.1768496924676333,0.030276531186135172,136.2816301343905,5.83368569979111,1.411499039757752e-08,105.37792642140468,1.0926980224915404,0.27540896692191297
10000000000000.0,0.001,0.01,200,data/ETH1.xlsx,5678,混合效应,8.367466727233907,890.3866911079355,708.0869565217391,31.652173913043477,241.01003344481606,600.3745819397993,-23.28470718580957,-6.267012370099193,1.286861162962607e-09,649.3766576631193,34.656600329587924,1.487868498709086e-106,107.7123745819398,1.0858035517712739,0.2784434687945674
10000000000000.0,0.001,0.04,200,data/ETH1.xlsx,5678,混合效应,21.23388867122589,853.6248083803513,690.4882943143813,31.652173913043477,241.01003344481606,600.3745819397993,-10.418285241817589,-2.399212582238591,0.017044460987113104,612.6147749355353,26.759864644506766,3.1061594721935096e-81,90.11371237458194,0.8586599387362904,0.3912182903831565
10000000000000.0,0.001,0.07,200,data/ETH1.xlsx,5678,混合效应,17.879807393199336,857.6014027930836,684.180602006689,31.652173913043477,241.01003344481606,600.3745819397993,-13.772366519844143,-3.075430572378914,0.0022969142133137275,616.5913693482676,25.113263469403947,1.564117156929764e-75,83.80602006688963,0.7148564866865191,0.4752573622184958
10000000000000.0,0.001,0.1,200,data/ETH1.xlsx,5678,混合效应,21.630514968552948,851.5596655530428,681.3311036789298,31.652173913043477,241.01003344481606,600.3745819397993,-10.021658944490529,-2.107963724819636,0.0358689803246991,610.5496321082268,24.878390127395242,1.0445981417419915e-74,80.95652173913044,0.6902844919091601,0.4905525530537558
10000000000000.0,0.004,0.01,200,data/ETH1.xlsx,5678,混合效应,8.541188786389483,867.1570040969435,630.0234113712374,31.652173913043477,241.01003344481606,600.3745819397993,-23.110985126653997,-6.113988843840194,3.0413698848752752e-09,626.1469706521274,30.43142132936725,1.9934317269983497e-93,29.648829431438127,0.3785105243599323,0.7053208868747743
10000000000000.0,0.004,0.04,200,data/ETH1.xlsx,5678,混合效应,19.689306330202566,871.2284561941337,766.6488294314381,31.652173913043477,241.01003344481606,600.3745819397993,-11.96286758284091,-3.066840041521222,0.00236184922032803,630.2184227493177,25.6144021968687,2.779843470950348e-77,166.2742474916388,1.3439743637571473,0.17997899373001502
10000000000000.0,0.004,0.07,200,data/ETH1.xlsx,5678,混合效应,23.60165769137059,853.0617040152013,694.190635451505,31.652173913043477,241.01003344481606,600.3745819397993,-8.050516221672886,-1.7309416233664212,0.08449726259529897,612.0516705703851,25.04837601083641,2.6413327359144834e-75,93.81605351170569,0.8006631680729224,0.42396453233712594
10000000000000.0,0.004,0.1,200,data/ETH1.xlsx,5678,混合效应,19.923209743170986,852.6330983756924,714.2073578595317,31.652173913043477,241.01003344481606,600.3745819397993,-11.72896416987249,-2.6537810440126157,0.008386711386236152,611.6230649308764,25.561243266872683,4.256692610076074e-77,113.83277591973244,0.9235654409191463,0.3564598115295977
10000000000000.0,0.007,0.01,200,data/ETH1.xlsx,5678,混合效应,9.85698243576433,881.6503352319072,733.123745819398,31.652173913043477,241.01003344481606,600.3745819397993,-21.79519147727915,-5.631160494831619,4.138078762609832e-08,640.6403017870913,31.07964246746017,1.6717730755759556e-95,132.74916387959865,1.2665340675263985,0.20631100239312233
10000000000000.0,0.007,0.04,200,data/ETH1.xlsx,5678,混合效应,21.857061485619223,849.2461775746315,685.2374581939799,31.652173913043477,241.01003344481606,600.3745819397993,-9.795112427424256,-2.345629279162284,0.019650539657089433,608.2361441298154,25.74758290569475,9.572873281331793e-78,84.8628762541806,0.8211675545232529,0.4122072725684025
10000000000000.0,0.007,0.07,200,data/ETH1.xlsx,5678,混合效应,23.843287417823063,852.329446852695,723.8963210702341,31.652173913043477,241.01003344481606,600.3745819397993,-7.808886495220414,-1.7416408560706347,0.0826031728945316,611.319413407879,24.871492269309716,1.1046140616669737e-74,123.52173913043478,1.0499318259075394,0.29460016838919534
10000000000000.0,0.007,0.1,200,data/ETH1.xlsx,5678,混合效应,27.896668049290373,845.1383345992549,712.7357859531772,31.652173913043477,241.01003344481606,600.3745819397993,-3.755505863753107,-0.76443115627814,0.44521522536204017,604.1283011544389,25.150087705572858,1.1620499080652852e-75,112.36120401337793,0.9111952101100625,0.36292900384545623
10000000000000.0,0.01,0.01,200,data/ETH1.xlsx,5678,混合效应,11.167790584571039,905.238951753684,744.4749163879599,31.652173913043477,241.01003344481606,600.3745819397993,-20.48438332847244,-5.329226364348119,1.949603902885971e-07,664.228918308868,31.522521069040426,6.571455470161626e-97,144.10033444816054,1.3643597827369842,0.17348380259022164
10000000000000.0,0.01,0.04,200,data/ETH1.xlsx,5678,混合效应,23.997851730735764,849.183072923546,681.9531772575251,31.652173913043477,241.01003344481606,600.3745819397993,-7.654322182307713,-1.8596636822682115,0.06391842569614997,608.1730394787301,26.094735227105744,6.005449610693076e-79,81.57859531772576,0.7071631386527949,0.48001772444232893
10000000000000.0,0.01,0.07,200,data/ETH1.xlsx,5678,混合效应,27.587256659332333,849.4891821473337,735.4247491638796,31.652173913043477,241.01003344481606,600.3745819397993,-4.064917253711145,-0.8543056671848609,0.3936218885500874,608.4791487025176,24.850871479807836,1.305427274360312e-74,135.05016722408027,1.1187530399637868,0.26414650170059784
10000000000000.0,0.01,0.1,200,data/ETH1.xlsx,5678,混合效应,28.378574625429188,850.0872201700512,719.4648829431438,31.652173913043477,241.01003344481606,600.3745819397993,-3.273599287614292,-0.7149516547551663,0.47519863916578786,609.0771867252352,25.621966734696514,2.6163700637573408e-77,119.09030100334448,1.1052652347462752,0.2699362229465265
1000000000000000.0,0.001,0.01,200,data/ETH1.xlsx,5678,混合效应,4.899241224874255,5549.080532598093,556.4414715719064,31.652173913043477,241.01003344481606,600.3745819397993,-26.752932688169224,-6.913298827710885,2.8844789987406285e-11,5308.070499153277,644.5195924132975,0.0,-43.93311036789298,-0.5969811653257513,0.5509732403504429
1000000000000000.0,0.001,0.04,200,data/ETH1.xlsx,5678,混合效应,4.529347806737369,5544.999100985474,556.0903010033445,31.652173913043477,241.01003344481606,600.3745819397993,-27.12282610630611,-7.032786159684723,1.3894992749847655e-11,5303.989067540658,657.9675097416259,0.0,-44.28428093645485,-0.6004870219621975,0.5486381055099707
1000000000000000.0,0.001,0.07,200,data/ETH1.xlsx,5678,混合效应,4.529347806737369,5544.999100985474,556.0903010033445,31.652173913043477,241.01003344481606,600.3745819397993,-27.12282610630611,-7.032786159684723,1.3894992749847655e-11,5303.989067540658,657.9675097416259,0.0,-44.28428093645485,-0.6004870219621975,0.5486381055099707
1000000000000000.0,0.001,0.1,200,data/ETH1.xlsx,5678,混合效应,4.529347806737369,5544.999100985474,556.0903010033445,31.652173913043477,241.01003344481606,600.3745819397993,-27.12282610630611,-7.032786159684723,1.3894992749847655e-11,5303.989067540658,657.9675097416259,0.0,-44.28428093645485,-0.6004870219621975,0.5486381055099707
1000000000000000.0,0.004,0.01,200,data/ETH1.xlsx,5678,混合效应,7.7969349821170075,5629.775275380959,703.0635451505017,31.652173913043477,241.01003344481606,600.3745819397993,-23.85523893092647,-6.217742919394902,1.70032357336159e-09,5388.765241936143,227.1777789668028,0.0,102.68896321070234,0.9521360998799404,0.3417995838749056
1000000000000000.0,0.004,0.04,200,data/ETH1.xlsx,5678,混合效应,7.20581645814099,5595.9827741137005,672.8795986622074,31.652173913043477,241.01003344481606,600.3745819397993,-24.446357454902486,-6.341637751986717,8.412991618119763e-10,5354.972740668884,254.01409302320516,0.0,72.50501672240803,0.7070437800038978,0.4800917844860776
1000000000000000.0,0.004,0.07,200,data/ETH1.xlsx,5678,混合效应,7.20581645814099,5595.9827741137005,672.8795986622074,31.652173913043477,241.01003344481606,600.3745819397993,-24.446357454902486,-6.341637751986717,8.412991618119763e-10,5354.972740668884,254.01409302320516,0.0,72.50501672240803,0.7070437800038978,0.4800917844860776
1000000000000000.0,0.004,0.1,200,data/ETH1.xlsx,5678,混合效应,7.20581645814099,5595.9827741137005,672.8795986622074,31.652173913043477,241.01003344481606,600.3745819397993,-24.446357454902486,-6.341637751986717,8.412991618119763e-10,5354.972740668884,254.01409302320516,0.0,72.50501672240803,0.7070437800038978,0.4800917844860776
1000000000000000.0,0.007,0.01,200,data/ETH1.xlsx,5678,混合效应,10.374978714405398,5577.552423730279,729.5785953177258,31.652173913043477,241.01003344481606,600.3745819397993,-21.27719519863808,-5.535211824137664,6.819614577624501e-08,5336.542390285464,261.35907704041585,0.0,129.20401337792643,1.2245966223410363,0.22169440441934815
1000000000000000.0,0.007,0.04,200,data/ETH1.xlsx,5678,混合效应,9.991338399332912,5579.85854977501,656.6020066889632,31.652173913043477,241.01003344481606,600.3745819397993,-21.660835513710566,-5.524533443081612,7.206618721480283e-08,5338.848516330194,234.64281317413005,0.0,56.22742474916388,0.5525490999050319,0.5809864075440994
1000000000000000.0,0.007,0.07,200,data/ETH1.xlsx,5678,混合效应,9.991338399332912,5579.85854977501,656.6020066889632,31.652173913043477,241.01003344481606,600.3745819397993,-21.660835513710566,-5.524533443081612,7.206618721480283e-08,5338.848516330194,234.64281317413005,0.0,56.22742474916388,0.5525490999050319,0.5809864075440994
1000000000000000.0,0.007,0.1,200,data/ETH1.xlsx,5678,混合效应,9.991338399332912,5579.85854977501,656.6020066889632,31.652173913043477,241.01003344481606,600.3745819397993,-21.660835513710566,-5.524533443081612,7.206618721480283e-08,5338.848516330194,234.64281317413005,0.0,56.22742474916388,0.5525490999050319,0.5809864075440994
1000000000000000.0,0.01,0.01,200,data/ETH1.xlsx,5678,混合效应,12.08723263616388,5592.598232819924,583.3377926421405,31.652173913043477,241.01003344481606,600.3745819397993,-19.564941276879598,-5.112877019300509,5.685292743353454e-07,5351.588199375108,214.0059460284999,0.0,-17.036789297658864,-0.22794906453066618,0.8198421635043023
1000000000000000.0,0.01,0.04,200,data/ETH1.xlsx,5678,混合效应,13.045005939722936,5555.727091436915,647.9397993311037,31.652173913043477,241.01003344481606,600.3745819397993,-18.607167973320543,-4.67411333400442,4.47813068102795e-06,5314.7170579920985,230.77120827404494,0.0,47.56521739130435,0.407423284089023,0.6839896456529896
1000000000000000.0,0.01,0.07,200,data/ETH1.xlsx,5678,混合效应,13.045005939722936,5555.727091436915,647.9397993311037,31.652173913043477,241.01003344481606,600.3745819397993,-18.607167973320543,-4.67411333400442,4.47813068102795e-06,5314.7170579920985,230.77120827404494,0.0,47.56521739130435,0.407423284089023,0.6839896456529896
1000000000000000.0,0.01,0.1,200,data/ETH1.xlsx,5678,混合效应,13.045005939722936,5555.727091436915,647.9397993311037,31.652173913043477,241.01003344481606,600.3745819397993,-18.607167973320543,-4.67411333400442,4.47813068102795e-06,5314.7170579920985,230.77120827404494,0.0,47.56521739130435,0.407423284089023,0.6839896456529896
1000000000.0,0.001,0.01,200,data/ETH1.xlsx,91011,混合效应,5.339357609404416,329.7554367824201,586.5833333333334,9.456666666666667,721.2366666666667,572.03,-4.117309057262251,-3.631655238854297,0.0003312560062549758,-391.4812298842466,-10.407085561304273,7.532358442581241e-22,14.553333333333333,0.2043496918899618,0.8382192660993205
1000000000.0,0.001,0.04,200,data/ETH1.xlsx,91011,混合效应,12.941532081341977,305.7628506613662,641.3566666666667,9.456666666666667,721.2366666666667,572.03,3.4848654146753097,1.790257915821368,0.07442413056097896,-415.4738160053005,-11.041299260126255,5.3192707045768176e-24,69.32666666666667,0.9035375487472566,0.36696802968986475
1000000000.0,0.001,0.07,200,data/ETH1.xlsx,91011,挤出效应,15.752194792511125,296.0384931143954,615.8933333333333,9.456666666666667,721.2366666666667,572.03,6.2955281258444575,2.6062661555554,0.009612060219221293,-425.1981735522712,-11.139859578278148,2.4368188962554145e-24,43.86333333333334,0.6154409963007458,0.5387316750114697
1000000000.0,0.001,0.1,200,data/ETH1.xlsx,91011,挤出效应,25.272383074612033,271.11915889975256,599.3133333333334,9.456666666666667,721.2366666666667,572.03,15.815716407945372,4.502134755486804,9.651653988026404e-06,-450.1175077669141,-12.069400679975177,1.3623401145291275e-27,27.283333333333335,0.38062824112902827,0.7037493966195592
1000000000.0,0.004,0.01,200,data/ETH1.xlsx,91011,混合效应,5.437829390030017,338.1784749285969,595.1466666666666,9.456666666666667,721.2366666666667,572.03,-4.01883727663665,-3.760826825732601,0.00020371771645653726,-383.0581917380697,-10.25226288723977,2.4745084851160726e-21,23.116666666666667,0.32255923096177136,0.7472545048738305
1000000000.0,0.004,0.04,200,data/ETH1.xlsx,91011,混合效应,12.692486701239897,375.2631710522159,902.7533333333333,9.456666666666667,721.2366666666667,572.03,3.2358200345732304,1.821281319520027,0.06956331998328134,-345.9734956144507,-7.7653968840187275,1.3066579096189284e-13,330.72333333333336,1.3758565825785067,0.16989574177781847
1000000000.0,0.004,0.07,200,data/ETH1.xlsx,91011,挤出效应,17.634664221349958,290.8001541572019,723.26,9.456666666666667,721.2366666666667,572.03,8.177997554683289,3.1643909175166858,0.0017141425939807542,-430.43651250946476,-11.518842815964796,1.1811203407472294e-25,151.23,1.2138377100371542,0.22576762036320305
1000000000.0,0.004,0.1,200,data/ETH1.xlsx,91011,挤出效应,19.68966003869855,298.3710441024207,867.4366666666666,9.456666666666667,721.2366666666667,572.03,10.23299337203188,3.3962351125782546,0.0007756369388218265,-422.865622564246,-10.979798213684044,8.645414419714285e-24,295.4066666666667,1.271327516945087,0.20460024001111643
1000000000.0,0.007,0.01,200,data/ETH1.xlsx,91011,混合效应,7.647386216729824,341.3843160477638,634.77,9.456666666666667,721.2366666666667,572.03,-1.8092804499368427,-1.5277581233438042,0.12762975235358073,-379.8523506189029,-10.041434897777252,1.2334206669391411e-20,62.74,0.7748379455161832,0.43904773683641296
1000000000.0,0.007,0.04,200,data/ETH1.xlsx,91011,混合效应,12.038353248541926,338.9405111366732,993.14,9.456666666666667,721.2366666666667,572.03,2.581686581875259,1.439928524856976,0.15093380161620426,-382.2961555299935,-8.521618203211698,7.868645028027514e-16,421.11,1.3578843387057173,0.17552421008472383
1000000000.0,0.007,0.07,200,data/ETH1.xlsx,91011,混合效应,13.307865442041646,366.4480759969247,737.4366666666666,9.456666666666667,721.2366666666667,572.03,3.851198775374978,1.9500549951050448,0.05210391983615025,-354.78859066974195,-8.520572604257984,7.926013857163381e-16,165.40666666666667,1.6619675788808421,0.09756727448938528
1000000000.0,0.007,0.1,200,data/ETH1.xlsx,91011,挤出效应,19.01992506639656,306.95351730021764,880.7166666666667,9.456666666666667,721.2366666666667,572.03,9.563258399729893,3.543613616528703,0.00045779202469119494,-414.2831493664491,-10.524760970138033,3.0337702380847966e-22,308.68666666666667,1.2363890787974854,0.21728430534488874
1000000000.0,0.01,0.01,200,data/ETH1.xlsx,91011,混合效应,8.463687264659717,325.8793193193946,580.06,9.456666666666667,721.2366666666667,572.03,-0.9929794020069509,-0.7952377984857463,0.42710600636991247,-395.3573473472721,-10.478954043900055,4.324716833720814e-22,8.03,0.112374974187522,0.9106015027185923
1000000000.0,0.01,0.04,200,data/ETH1.xlsx,91011,混合效应,12.658248811868491,308.1868081827404,619.1566666666666,9.456666666666667,721.2366666666667,572.03,3.2015821452018236,1.7967174248820388,0.07338968061571216,-413.04985848392636,-10.828682773543235,2.8379757236161335e-23,47.126666666666665,0.6619505954106756,0.5085127236007381
1000000000.0,0.01,0.07,200,data/ETH1.xlsx,91011,混合效应,12.381153134961615,309.96773956879446,937.0266666666666,9.456666666666667,721.2366666666667,572.03,2.9244864682949476,1.8332726896966511,0.06775607577391604,-411.2689270978722,-10.576454044368733,2.031729934140043e-22,364.99666666666667,1.7115996024418567,0.08800745974790074
1000000000.0,0.01,0.1,200,data/ETH1.xlsx,91011,挤出效应,20.019749566704714,278.4121414179408,624.8366666666667,9.456666666666667,721.2366666666667,572.03,10.563082900038047,4.136167957316965,4.594005337745364e-05,-442.82452524872593,-11.821638751655735,1.024120666991275e-26,52.806666666666665,0.737443739936289,0.4614308517016644
100000000000.0,0.001,0.01,200,data/ETH1.xlsx,91011,混合效应,4.673740542470044,374.89878442193975,594.66,9.456666666666667,721.2366666666667,572.03,-4.7829261241966226,-4.469290652578044,1.11499917626206e-05,-346.33788224472687,-9.100174090069503,1.30823868009625e-17,22.63,0.3148730248322021,0.7530776844210688
100000000000.0,0.001,0.04,200,data/ETH1.xlsx,91011,挤出效应,14.677890494379183,342.1422926941671,604.5566666666666,9.456666666666667,721.2366666666667,572.03,5.221223827712516,2.409549339095081,0.01657632046001402,-379.09437397249945,-10.148776344685073,5.45471576782743e-21,32.526666666666664,0.4572737333355853,0.6478063730640187
100000000000.0,0.001,0.07,200,data/ETH1.xlsx,91011,挤出效应,20.82610293154644,321.2785331869863,685.1433333333333,9.456666666666667,721.2366666666667,572.03,11.369436264879774,3.656068509102536,0.0003024918332512591,-399.9581334796803,-10.574272151942704,2.0664399146067703e-22,113.11333333333333,1.073642690041205,0.28384855639694617
100000000000.0,0.001,0.1,200,data/ETH1.xlsx,91011,挤出效应,35.24405485361953,302.8177804417107,739.4766666666667,9.456666666666667,721.2366666666667,572.03,25.787388186952867,4.927717068865317,1.3802759111598566e-06,-418.41888622495605,-11.26894368374173,8.729589901461373e-25,167.44666666666666,1.2292669257042368,0.21993823398165482
100000000000.0,0.004,0.01,200,data/ETH1.xlsx,91011,混合效应,6.115902544466872,387.07012500284907,632.7033333333334,9.456666666666667,721.2366666666667,572.03,-3.3407641221997952,-3.0904547724848825,0.002186637429508913,-334.16654166381755,-8.692280191114497,2.387616291515346e-16,60.67333333333333,0.7518079902536697,0.45275791212435124
100000000000.0,0.004,0.04,200,data/ETH1.xlsx,91011,挤出效应,13.283561681607397,358.22274963713204,834.3966666666666,9.456666666666667,721.2366666666667,572.03,3.82689501494073,2.025771714036732,0.04367604019624183,-363.0139170295347,-9.3295281407675,2.4755473868814133e-18,262.3666666666667,1.395226196517192,0.16398306691290634
100000000000.0,0.004,0.07,200,data/ETH1.xlsx,91011,挤出效应,17.408995019682383,343.8107205133174,947.59,9.456666666666667,721.2366666666667,572.03,7.952328353015716,2.7492150005849267,0.006337343526166118,-377.4259461533493,-9.836469440709811,5.789941413078518e-20,375.56,1.5866209282359465,0.11365546631225538
100000000000.0,0.004,0.1,200,data/ETH1.xlsx,91011,挤出效应,31.240704619706392,300.300723874886,599.48,9.456666666666667,721.2366666666667,572.03,21.78403795303973,4.148236156883685,4.37098564034499e-05,-420.93594279178075,-11.279065291533387,8.052876015755459e-25,27.45,0.3862616997037682,0.6995775774107641
100000000000.0,0.007,0.01,200,data/ETH1.xlsx,91011,混合效应,7.810489120906124,385.2435871004959,583.9,9.456666666666667,721.2366666666667,572.03,-1.6461775457605428,-1.3566985587003118,0.1759004260881325,-335.9930795661707,-8.826034095695825,9.288459332043823e-17,11.87,0.16563778147669345,0.8685539511555941
100000000000.0,0.007,0.04,200,data/ETH1.xlsx,91011,挤出效应,14.105948128915843,373.6156231161441,819.6,9.456666666666667,721.2366666666667,572.03,4.649281462249175,2.29048995013609,0.02268884973451201,-347.6210435505226,-8.75163762193192,1.5719676934924447e-16,247.57,1.141054231600176,0.2547604306745858
100000000000.0,0.007,0.07,200,data/ETH1.xlsx,91011,挤出效应,18.732394804246006,324.4418200675822,739.5566666666666,9.456666666666667,721.2366666666667,572.03,9.275728137579339,3.3564751753419,0.000891453417577417,-396.79484659908445,-10.419838669445731,6.826913931299243e-22,167.52666666666667,1.2895523196316068,0.19820274265039214
100000000000.0,0.007,0.1,200,data/ETH1.xlsx,91011,挤出效应,28.996367342640177,302.6450289387462,965.0866666666667,9.456666666666667,721.2366666666667,572.03,19.539700675973506,4.673611204070637,4.482379920436503e-06,-418.5916377279205,-10.897752221148394,1.6497958232606122e-23,393.0566666666667,1.225960089151262,0.22117837626176157
100000000000.0,0.01,0.01,200,data/ETH1.xlsx,91011,混合效应,8.532176907414545,369.69729034147355,589.8266666666667,9.456666666666667,721.2366666666667,572.03,-0.9244897592521207,-0.7469801514770336,0.4556625258534793,-351.53937632519313,-9.346545582917194,2.1859713639251306e-18,17.796666666666667,0.24944916183976434,0.8031846402120824
100000000000.0,0.01,0.04,200,data/ETH1.xlsx,91011,挤出效应,14.42436075404103,347.606151246033,882.3433333333334,9.456666666666667,721.2366666666667,572.03,4.967694087374363,2.5591788863961136,0.010984076084927462,-373.6305154206336,-9.506080657267416,6.771079165789021e-19,310.31333333333333,1.4291506613112581,0.15400483882026533
100000000000.0,0.01,0.07,200,data/ETH1.xlsx,91011,挤出效应,14.444455415303194,454.13582189479774,1065.2333333333333,9.456666666666667,721.2366666666667,572.03,4.987788748636526,2.3003157781434704,0.02211868222081064,-267.100844771869,-5.560989073329842,5.9519604378998525e-08,493.2033333333333,1.7181485957536784,0.08680474538804372
100000000000.0,0.01,0.1,200,data/ETH1.xlsx,91011,挤出效应,30.06750791402348,296.87597792855087,679.04,9.456666666666667,721.2366666666667,572.03,20.610841247356813,5.212632355684173,3.4787287719449053e-07,-424.3606887381157,-11.288220368093288,7.485899231933287e-25,107.01,1.0072194657438587,0.31464372341320973
10000000000000.0,0.001,0.01,200,data/ETH1.xlsx,91011,混合效应,5.222200146586018,882.0059369309072,872.8666666666667,9.456666666666667,721.2366666666667,572.03,-4.234466520080649,-3.753278920161366,0.00020966639168341276,160.7692702642405,3.749318855814662,0.00021285261392685575,300.83666666666664,1.2734771786800398,0.20383788050432378
10000000000000.0,0.001,0.04,200,data/ETH1.xlsx,91011,挤出效应,17.24268929866704,793.7054023743785,1037.8533333333332,9.456666666666667,721.2366666666667,572.03,7.786022632000376,3.4365876839700067,0.0006725670867980118,72.4687357077118,1.8928177585599337,0.05934774129861504,465.8233333333333,1.4489054799395316,0.14841190162618323
10000000000000.0,0.001,0.07,200,data/ETH1.xlsx,91011,混合效应 (恶化价差/增加流动性),21.561147435439143,822.8645778266492,865.1466666666666,9.456666666666667,721.2366666666667,572.03,12.104480768772476,3.5779271028579798,0.0004038655188517578,101.62791115998249,2.498232957443647,0.01301830939145705,293.1166666666667,1.049150651513547,0.29495605778647843
10000000000000.0,0.001,0.1,200,data/ETH1.xlsx,91011,混合效应 (恶化价差/增加流动性),19.24486746917912,798.3931409578787,898.7333333333333,9.456666666666667,721.2366666666667,572.03,9.788200802512453,2.927016850266192,0.003684924047257843,77.15647429121202,1.9736903373328323,0.049337386706426914,326.7033333333333,1.084341552284483,0.2790869455392479
10000000000000.0,0.004,0.01,200,data/ETH1.xlsx,91011,混合效应,5.832060333239263,1022.1303279199261,863.9666666666667,9.456666666666667,721.2366666666667,572.03,-3.6246063334274035,-3.552282124864204,0.00044356482386379497,300.89366125325927,4.566659044416325,7.251356140989729e-06,291.93666666666667,1.4225518999248852,0.15590850679396925
10000000000000.0,0.004,0.04,200,data/ETH1.xlsx,91011,混合效应 (恶化价差/增加流动性),16.172520956685783,818.6701538682249,951.05,9.456666666666667,721.2366666666667,572.03,6.7158542900191165,3.0320243291328364,0.0026419573775652142,97.43348720155831,2.4912829954747635,0.013270354978401193,379.02,1.5519071066073575,0.12174224644977033
10000000000000.0,0.004,0.07,200,data/ETH1.xlsx,91011,混合效应 (恶化价差/增加流动性),19.77392745922575,822.0664843006825,888.7833333333333,9.456666666666667,721.2366666666667,572.03,10.317260792559082,3.273576959645921,0.0011865345237149873,100.82981763401582,2.5119974569865824,0.012531657217829575,316.75333333333333,1.131768162748959,0.2586387784865399
10000000000000.0,0.004,0.1,200,data/ETH1.xlsx,91011,混合效应 (恶化价差/增加流动性),17.533061326328166,823.0272153035163,920.9833333333333,9.456666666666667,721.2366666666667,572.03,8.076394659661501,2.9995783899845514,0.0029309272487549306,101.79054863684968,2.631762487379017,0.008935105560198251,348.9533333333333,1.153264236284404,0.24972302599798177
10000000000000.0,0.007,0.01,200,data/ETH1.xlsx,91011,混合效应,7.428606992224323,839.6489349375818,609.3833333333333,9.456666666666667,721.2366666666667,572.03,-2.0280596744423427,-1.6842505431226695,0.0931768013050217,118.41226827091506,3.1496063377485988,0.0018003132070240607,37.35333333333333,0.5178762674511257,0.6049275620318308
10000000000000.0,0.007,0.04,200,data/ETH1.xlsx,91011,混合效应 (恶化价差/增加流动性),18.28201554742973,832.9662646863327,944.5033333333333,9.456666666666667,721.2366666666667,572.03,8.82534888076306,3.844506068269248,0.00014760470862778372,111.72959801966606,2.7766702609507536,0.005838513104447532,372.47333333333336,1.6688314442557526,0.09619750187657293
10000000000000.0,0.007,0.07,200,data/ETH1.xlsx,91011,混合效应 (恶化价差/增加流动性),19.492457354412583,824.0470112163976,912.09,9.456666666666667,721.2366666666667,572.03,10.03579068774592,3.6058089128092856,0.000364500648596841,102.81034454973083,2.548639832904091,0.011314139738718544,340.06,1.211992311861845,0.22647219279762984
10000000000000.0,0.007,0.1,200,data/ETH1.xlsx,91011,挤出效应,20.60954314100565,788.8102967843929,895.8333333333334,9.456666666666667,721.2366666666667,572.03,11.152876474338983,4.126275102154324,4.7848724992473296e-05,67.57363011772622,1.77555129473674,0.07682400626237762,323.80333333333334,1.0919977033379027,0.2757132158785875
10000000000000.0,0.01,0.01,200,data/ETH1.xlsx,91011,混合效应,8.333611813024312,863.7655009738754,923.72,9.456666666666667,721.2366666666667,572.03,-1.1230548536423537,-0.9275347239137438,0.3543970829772801,142.52883430720863,3.751624646113427,0.00021099188752896937,351.69,1.315813092730471,0.18924474329668795
10000000000000.0,0.01,0.04,200,data/ETH1.xlsx,91011,混合效应 (恶化价差/增加流动性),18.781272904948345,799.4083719915186,1013.0866666666667,9.456666666666667,721.2366666666667,572.03,9.324606238281682,4.3224049443274275,2.104205746317058e-05,78.17170532485208,2.0671132137154653,0.039583876795804024,441.0566666666667,1.575645412919001,0.11616498114187417
10000000000000.0,0.01,0.07,200,data/ETH1.xlsx,91011,混合效应,11.83716159632643,823.1595851193083,859.1266666666667,9.456666666666667,721.2366666666667,572.03,2.380494929659764,1.3107463399752732,0.19094933123399652,101.92291845264158,2.5914640080419598,0.010025829865414561,287.0966666666667,1.025508375816974,0.3059523075218908
10000000000000.0,0.01,0.1,200,data/ETH1.xlsx,91011,混合效应 (恶化价差/增加流动性),21.90873650117287,803.4813398274244,929.35,9.456666666666667,721.2366666666667,572.03,12.452069834506204,3.7788983718757154,0.0001901160607144769,82.24467316075783,2.14035638237228,0.03313484431372365,357.32,1.1617737125963261,0.24625394444888765
1000000000000000.0,0.001,0.01,200,data/ETH1.xlsx,91011,混合效应,4.609195410279113,5598.070099721875,760.2466666666667,9.456666666666667,721.2366666666667,572.03,-4.847471256387554,-4.849838014988368,1.990675613592055e-06,4876.833433055208,127.60283472416951,8.847353501078923e-263,188.21666666666667,1.1205606844244274,0.26337413404704885
1000000000000000.0,0.001,0.04,200,data/ETH1.xlsx,91011,混合效应,4.6026019065494514,5571.695738403853,741.8933333333333,9.456666666666667,721.2366666666667,572.03,-4.8540647601172155,-4.759622118222192,3.025111785270278e-06,4850.459071737187,127.38516224238859,1.4605757864593754e-262,169.86333333333334,1.0115203375820452,0.3125852974199737
1000000000000000.0,0.001,0.07,200,data/ETH1.xlsx,91011,混合效应,4.6026019065494514,5571.695738403853,741.8933333333333,9.456666666666667,721.2366666666667,572.03,-4.8540647601172155,-4.759622118222192,3.025111785270278e-06,4850.459071737187,127.38516224238859,1.4605757864593754e-262,169.86333333333334,1.0115203375820452,0.3125852974199737
1000000000000000.0,0.001,0.1,200,data/ETH1.xlsx,91011,混合效应,4.6026019065494514,5571.695738403853,741.8933333333333,9.456666666666667,721.2366666666667,572.03,-4.8540647601172155,-4.759622118222192,3.025111785270278e-06,4850.459071737187,127.38516224238859,1.4605757864593754e-262,169.86333333333334,1.0115203375820452,0.3125852974199737
1000000000000000.0,0.004,0.01,200,data/ETH1.xlsx,91011,混合效应,6.269612460017094,5903.771196077308,1040.57,9.456666666666667,721.2366666666667,572.03,-3.187054206649573,-3.0238962763896393,0.0027117814395871583,5182.534529410641,46.52197526478464,5.926534983529021e-139,468.54,1.277176922612085,0.202530666244133
1000000000000000.0,0.004,0.04,200,data/ETH1.xlsx,91011,混合效应,5.590148855809539,5779.423312801371,1025.76,9.456666666666667,721.2366666666667,572.03,-3.8665178108571276,-3.71964271930229,0.0002382255041432656,5058.1866461347045,68.47885538436498,8.816733257650855e-185,453.73,1.3195060020194398,0.18800947283285582
1000000000000000.0,0.004,0.07,200,data/ETH1.xlsx,91011,混合效应,5.590148855809539,5779.423312801371,1025.76,9.456666666666667,721.2366666666667,572.03,-3.8665178108571276,-3.71964271930229,0.0002382255041432656,5058.1866461347045,68.47885538436498,8.816733257650855e-185,453.73,1.3195060020194398,0.18800947283285582
1000000000000000.0,0.004,0.1,200,data/ETH1.xlsx,91011,混合效应,5.590148855809539,5779.423312801371,1025.76,9.456666666666667,721.2366666666667,572.03,-3.8665178108571276,-3.71964271930229,0.0002382255041432656,5058.1866461347045,68.47885538436498,8.816733257650855e-185,453.73,1.3195060020194398,0.18800947283285582
1000000000000000.0,0.007,0.01,200,data/ETH1.xlsx,91011,混合效应,7.778903552016989,5831.678727627002,1043.5866666666666,9.456666666666667,721.2366666666667,572.03,-1.6777631146496772,-1.3914062975207193,0.16513660485429993,5110.442060960336,52.92599556646139,6.862903870660625e-154,471.5566666666667,1.1049080357770797,0.27008775444664695
1000000000000000.0,0.007,0.04,200,data/ETH1.xlsx,91011,混合效应,7.76466454192788,5912.300518156879,1060.13,9.456666666666667,721.2366666666667,572.03,-1.6920021247387862,-1.4912599220266667,0.13694750123813343,5191.063851490212,49.45081543975967,5.675021031531378e-146,488.1,1.4190839393969745,0.1569161414161373
1000000000000000.0,0.007,0.07,200,data/ETH1.xlsx,91011,混合效应,7.76466454192788,5912.300518156879,1060.13,9.456666666666667,721.2366666666667,572.03,-1.6920021247387862,-1.4912599220266667,0.13694750123813343,5191.063851490212,49.45081543975967,5.675021031531378e-146,488.1,1.4190839393969745,0.1569161414161373
1000000000000000.0,0.007,0.1,200,data/ETH1.xlsx,91011,混合效应,7.76466454192788,5912.300518156879,1060.13,9.456666666666667,721.2366666666667,572.03,-1.6920021247387862,-1.4912599220266667,0.13694750123813343,5191.063851490212,49.45081543975967,5.675021031531378e-146,488.1,1.4190839393969745,0.1569161414161373
1000000000000000.0,0.01,0.01,200,data/ETH1.xlsx,91011,混合效应,8.547171302427973,5776.426273844227,899.88,9.456666666666667,721.2366666666667,572.03,-0.9094953642386933,-0.7834255031803802,0.4339973937204388,5055.18960717756,62.33421492574074,2.2699370375925788e-173,327.85,1.0762264005583173,0.2826936238568971
1000000000000000.0,0.01,0.04,200,data/ETH1.xlsx,91011,混合效应,9.114703818596897,5733.352759272405,1027.6866666666667,9.456666666666667,721.2366666666667,572.03,-0.3419628480697687,-0.2691613460826111,0.7879911650626638,5012.116092605738,67.00163746969854,4.022258460352777e-182,455.6566666666667,1.324676096908852,0.1862901470374923
1000000000000000.0,0.01,0.07,200,data/ETH1.xlsx,91011,混合效应,9.114703818596897,5733.352759272405,1027.6866666666667,9.456666666666667,721.2366666666667,572.03,-0.3419628480697687,-0.2691613460826111,0.7879911650626638,5012.116092605738,67.00163746969854,4.022258460352777e-182,455.6566666666667,1.324676096908852,0.1862901470374923
1000000000000000.0,0.01,0.1,200,data/ETH1.xlsx,91011,混合效应,9.114703818596897,5733.352759272405,1027.6866666666667,9.456666666666667,721.2366666666667,572.03,-0.3419628480697687,-0.2691613460826111,0.7879911650626638,5012.116092605738,67.00163746969854,4.022258460352777e-182,455.6566666666667,1.324676096908852,0.1862901470374923
1000000000.0,0.001,0.01,200,data/BIT.xlsx,5678,混合效应,2.276193333333552,655.2690703327864,419.59,1.6866666666666668,592.06,439.0366666666667,0.5895266666668856,1.6614487828995343,0.09767144051474175,63.20907033278654,3.1043152443688387,0.0020898133465202073,-19.446666666666665,-0.894800973407408,0.37161322265937535
1000000000.0,0.001,0.04,200,data/BIT.xlsx,5678,混合效应,2.276193333333552,655.2690703327864,419.59,1.6866666666666668,592.06,439.0366666666667,0.5895266666668856,1.6614487828995343,0.09767144051474175,63.20907033278654,3.1043152443688387,0.0020898133465202073,-19.446666666666665,-0.894800973407408,0.37161322265937535
1000000000.0,0.001,0.07,200,data/BIT.xlsx,5678,混合效应,2.276193333333552,655.2690703327864,419.59,1.6866666666666668,592.06,439.0366666666667,0.5895266666668856,1.6614487828995343,0.09767144051474175,63.20907033278654,3.1043152443688387,0.0020898133465202073,-19.446666666666665,-0.894800973407408,0.37161322265937535
1000000000.0,0.001,0.1,200,data/BIT.xlsx,5678,混合效应,2.276193333333552,655.2690703327864,419.59,1.6866666666666668,592.06,439.0366666666667,0.5895266666668856,1.6614487828995343,0.09767144051474175,63.20907033278654,3.1043152443688387,0.0020898133465202073,-19.446666666666665,-0.894800973407408,0.37161322265937535
1000000000.0,0.004,0.01,200,data/BIT.xlsx,5678,混合效应,2.3566666666666665,655.2699412027009,419.59,1.6866666666666668,592.06,439.0366666666667,0.67,1.8560718833499485,0.06442700956475315,63.20994120270087,3.1043576076304498,0.002089523567881234,-19.446666666666665,-0.894800973407408,0.37161322265937535
1000000000.0,0.004,0.04,200,data/BIT.xlsx,5678,混合效应,2.3566666666666665,655.2699412027009,419.59,1.6866666666666668,592.06,439.0366666666667,0.67,1.8560718833499485,0.06442700956475315,63.20994120270087,3.1043576076304498,0.002089523567881234,-19.446666666666665,-0.894800973407408,0.37161322265937535
1000000000.0,0.004,0.07,200,data/BIT.xlsx,5678,混合效应,2.3566666666666665,655.2699412027009,419.59,1.6866666666666668,592.06,439.0366666666667,0.67,1.8560718833499485,0.06442700956475315,63.20994120270087,3.1043576076304498,0.002089523567881234,-19.446666666666665,-0.894800973407408,0.37161322265937535
1000000000.0,0.004,0.1,200,data/BIT.xlsx,5678,混合效应,2.3566666666666665,655.2699412027009,419.59,1.6866666666666668,592.06,439.0366666666667,0.67,1.8560718833499485,0.06442700956475315,63.20994120270087,3.1043576076304498,0.002089523567881234,-19.446666666666665,-0.894800973407408,0.37161322265937535
1000000000.0,0.007,0.01,200,data/BIT.xlsx,5678,混合效应,2.3566666666666665,655.2699412027009,419.59,1.6866666666666668,592.06,439.0366666666667,0.67,1.8560718833499485,0.06442700956475315,63.20994120270087,3.1043576076304498,0.002089523567881234,-19.446666666666665,-0.894800973407408,0.37161322265937535
1000000000.0,0.007,0.04,200,data/BIT.xlsx,5678,混合效应,2.3566666666666665,655.2699412027009,419.59,1.6866666666666668,592.06,439.0366666666667,0.67,1.8560718833499485,0.06442700956475315,63.20994120270087,3.1043576076304498,0.002089523567881234,-19.446666666666665,-0.894800973407408,0.37161322265937535
1000000000.0,0.007,0.07,200,data/BIT.xlsx,5678,混合效应,2.3566666666666665,655.2699412027009,419.59,1.6866666666666668,592.06,439.0366666666667,0.67,1.8560718833499485,0.06442700956475315,63.20994120270087,3.1043576076304498,0.002089523567881234,-19.446666666666665,-0.894800973407408,0.37161322265937535
1000000000.0,0.007,0.1,200,data/BIT.xlsx,5678,混合效应,2.3566666666666665,655.2699412027009,419.59,1.6866666666666668,592.06,439.0366666666667,0.67,1.8560718833499485,0.06442700956475315,63.20994120270087,3.1043576076304498,0.002089523567881234,-19.446666666666665,-0.894800973407408,0.37161322265937535
1000000000.0,0.01,0.01,200,data/BIT.xlsx,5678,混合效应,2.3566666666666665,655.2699412027009,419.59,1.6866666666666668,592.06,439.0366666666667,0.67,1.8560718833499485,0.06442700956475315,63.20994120270087,3.1043576076304498,0.002089523567881234,-19.446666666666665,-0.894800973407408,0.37161322265937535
1000000000.0,0.01,0.04,200,data/BIT.xlsx,5678,混合效应,2.3566666666666665,655.2699412027009,419.59,1.6866666666666668,592.06,439.0366666666667,0.67,1.8560718833499485,0.06442700956475315,63.20994120270087,3.1043576076304498,0.002089523567881234,-19.446666666666665,-0.894800973407408,0.37161322265937535
1000000000.0,0.01,0.07,200,data/BIT.xlsx,5678,混合效应,2.3566666666666665,655.2699412027009,419.59,1.6866666666666668,592.06,439.0366666666667,0.67,1.8560718833499485,0.06442700956475315,63.20994120270087,3.1043576076304498,0.002089523567881234,-19.446666666666665,-0.894800973407408,0.37161322265937535
1000000000.0,0.01,0.1,200,data/BIT.xlsx,5678,混合效应,2.3566666666666665,655.2699412027009,419.59,1.6866666666666668,592.06,439.0366666666667,0.67,1.8560718833499485,0.06442700956475315,63.20994120270087,3.1043576076304498,0.002089523567881234,-19.446666666666665,-0.894800973407408,0.37161322265937535
100000000000.0,0.001,0.01,200,data/BIT.xlsx,5678,混合效应,2.276193333333407,663.6907033278651,419.59,1.6866666666666668,592.06,439.0366666666667,0.58952666666674,1.6614487828991502,0.09767144051481892,71.63070332786508,3.5179214845298588,0.0005025138206749172,-19.446666666666665,-0.894800973407408,0.37161322265937535
100000000000.0,0.001,0.04,200,data/BIT.xlsx,5678,混合效应,2.276193333333407,663.6907033278651,419.59,1.6866666666666668,592.06,439.0366666666667,0.58952666666674,1.6614487828991502,0.09767144051481892,71.63070332786508,3.5179214845298588,0.0005025138206749172,-19.446666666666665,-0.894800973407408,0.37161322265937535
100000000000.0,0.001,0.07,200,data/BIT.xlsx,5678,混合效应,2.276193333333407,663.6907033278651,419.59,1.6866666666666668,592.06,439.0366666666667,0.58952666666674,1.6614487828991502,0.09767144051481892,71.63070332786508,3.5179214845298588,0.0005025138206749172,-19.446666666666665,-0.894800973407408,0.37161322265937535
100000000000.0,0.001,0.1,200,data/BIT.xlsx,5678,混合效应,2.276193333333407,663.6907033278651,419.59,1.6866666666666668,592.06,439.0366666666667,0.58952666666674,1.6614487828991502,0.09767144051481892,71.63070332786508,3.5179214845298588,0.0005025138206749172,-19.446666666666665,-0.894800973407408,0.37161322265937535
100000000000.0,0.004,0.01,200,data/BIT.xlsx,5678,混合效应,2.3566666666666665,663.6994120270087,419.59,1.6866666666666668,592.06,439.0366666666667,0.67,1.8560718833499485,0.06442700956475315,71.63941202700882,3.5183445752472013,0.0005017453013164965,-19.446666666666665,-0.894800973407408,0.37161322265937535
100000000000.0,0.004,0.04,200,data/BIT.xlsx,5678,混合效应,2.3566666666666665,663.6994120270087,419.59,1.6866666666666668,592.06,439.0366666666667,0.67,1.8560718833499485,0.06442700956475315,71.63941202700882,3.5183445752472013,0.0005017453013164965,-19.446666666666665,-0.894800973407408,0.37161322265937535
100000000000.0,0.004,0.07,200,data/BIT.xlsx,5678,混合效应,2.3566666666666665,663.6994120270087,419.59,1.6866666666666668,592.06,439.0366666666667,0.67,1.8560718833499485,0.06442700956475315,71.63941202700882,3.5183445752472013,0.0005017453013164965,-19.446666666666665,-0.894800973407408,0.37161322265937535
100000000000.0,0.004,0.1,200,data/BIT.xlsx,5678,混合效应,2.3566666666666665,663.6994120270087,419.59,1.6866666666666668,592.06,439.0366666666667,0.67,1.8560718833499485,0.06442700956475315,71.63941202700882,3.5183445752472013,0.0005017453013164965,-19.446666666666665,-0.894800973407408,0.37161322265937535
100000000000.0,0.007,0.01,200,data/BIT.xlsx,5678,混合效应,2.3566666666666665,663.6994120270087,419.59,1.6866666666666668,592.06,439.0366666666667,0.67,1.8560718833499485,0.06442700956475315,71.63941202700882,3.5183445752472013,0.0005017453013164965,-19.446666666666665,-0.894800973407408,0.37161322265937535
100000000000.0,0.007,0.04,200,data/BIT.xlsx,5678,混合效应,2.3566666666666665,663.6994120270087,419.59,1.6866666666666668,592.06,439.0366666666667,0.67,1.8560718833499485,0.06442700956475315,71.63941202700882,3.5183445752472013,0.0005017453013164965,-19.446666666666665,-0.894800973407408,0.37161322265937535
100000000000.0,0.007,0.07,200,data/BIT.xlsx,5678,混合效应,2.3566666666666665,663.6994120270087,419.59,1.6866666666666668,592.06,439.0366666666667,0.67,1.8560718833499485,0.06442700956475315,71.63941202700882,3.5183445752472013,0.0005017453013164965,-19.446666666666665,-0.894800973407408,0.37161322265937535
100000000000.0,0.007,0.1,200,data/BIT.xlsx,5678,混合效应,2.3566666666666665,663.6994120270087,419.59,1.6866666666666668,592.06,439.0366666666667,0.67,1.8560718833499485,0.06442700956475315,71.63941202700882,3.5183445752472013,0.0005017453013164965,-19.446666666666665,-0.894800973407408,0.37161322265937535
100000000000.0,0.01,0.01,200,data/BIT.xlsx,5678,混合效应,2.3566666666666665,663.6994120270087,419.59,1.6866666666666668,592.06,439.0366666666667,0.67,1.8560718833499485,0.06442700956475315,71.63941202700882,3.5183445752472013,0.0005017453013164965,-19.446666666666665,-0.894800973407408,0.37161322265937535
100000000000.0,0.01,0.04,200,data/BIT.xlsx,5678,混合效应,2.3566666666666665,663.6994120270087,419.59,1.6866666666666668,592.06,439.0366666666667,0.67,1.8560718833499485,0.06442700956475315,71.63941202700882,3.5183445752472013,0.0005017453013164965,-19.446666666666665,-0.894800973407408,0.37161322265937535
100000000000.0,0.01,0.07,200,data/BIT.xlsx,5678,混合效应,2.3566666666666665,663.6994120270087,419.59,1.6866666666666668,592.06,439.0366666666667,0.67,1.8560718833499485,0.06442700956475315,71.63941202700882,3.5183445752472013,0.0005017453013164965,-19.446666666666665,-0.894800973407408,0.37161322265937535
100000000000.0,0.01,0.1,200,data/BIT.xlsx,5678,混合效应,2.3566666666666665,663.6994120270087,419.59,1.6866666666666668,592.06,439.0366666666667,0.67,1.8560718833499485,0.06442700956475315,71.63941202700882,3.5183445752472013,0.0005017453013164965,-19.446666666666665,-0.894800973407408,0.37161322265937535
10000000000000.0,0.001,0.01,200,data/BIT.xlsx,5678,混合效应,2.2761933333331155,747.9070332786508,419.59,1.6866666666666668,592.06,439.0366666666667,0.5895266666664489,1.6614487828983813,0.09767144051497338,155.84703327865083,7.654037525176037,2.7053913831870144e-13,-19.446666666666665,-0.894800973407408,0.37161322265937535
10000000000000.0,0.001,0.04,200,data/BIT.xlsx,5678,混合效应,2.2761933333331155,747.9070332786508,419.59,1.6866666666666668,592.06,439.0366666666667,0.5895266666664489,1.6614487828983813,0.09767144051497338,155.84703327865083,7.654037525176037,2.7053913831870144e-13,-19.446666666666665,-0.894800973407408,0.37161322265937535
10000000000000.0,0.001,0.07,200,data/BIT.xlsx,5678,混合效应,2.2761933333331155,747.9070332786508,419.59,1.6866666666666668,592.06,439.0366666666667,0.5895266666664489,1.6614487828983813,0.09767144051497338,155.84703327865083,7.654037525176037,2.7053913831870144e-13,-19.446666666666665,-0.894800973407408,0.37161322265937535
10000000000000.0,0.001,0.1,200,data/BIT.xlsx,5678,混合效应,2.2761933333331155,747.9070332786508,419.59,1.6866666666666668,592.06,439.0366666666667,0.5895266666664489,1.6614487828983813,0.09767144051497338,155.84703327865083,7.654037525176037,2.7053913831870144e-13,-19.446666666666665,-0.894800973407408,0.37161322265937535
10000000000000.0,0.004,0.01,200,data/BIT.xlsx,5678,混合效应,2.3566666666666665,747.9941202700884,419.59,1.6866666666666668,592.06,439.0366666666667,0.67,1.8560718833499485,0.06442700956475315,155.93412027008833,7.658214251414718,2.6328618570493447e-13,-19.446666666666665,-0.894800973407408,0.37161322265937535
10000000000000.0,0.004,0.04,200,data/BIT.xlsx,5678,混合效应,2.3566666666666665,747.9941202700884,419.59,1.6866666666666668,592.06,439.0366666666667,0.67,1.8560718833499485,0.06442700956475315,155.93412027008833,7.658214251414718,2.6328618570493447e-13,-19.446666666666665,-0.894800973407408,0.37161322265937535
10000000000000.0,0.004,0.07,200,data/BIT.xlsx,5678,混合效应,2.3566666666666665,747.9941202700884,419.59,1.6866666666666668,592.06,439.0366666666667,0.67,1.8560718833499485,0.06442700956475315,155.93412027008833,7.658214251414718,2.6328618570493447e-13,-19.446666666666665,-0.894800973407408,0.37161322265937535
10000000000000.0,0.004,0.1,200,data/BIT.xlsx,5678,混合效应,2.3566666666666665,747.9941202700884,419.59,1.6866666666666668,592.06,439.0366666666667,0.67,1.8560718833499485,0.06442700956475315,155.93412027008833,7.658214251414718,2.6328618570493447e-13,-19.446666666666665,-0.894800973407408,0.37161322265937535
10000000000000.0,0.007,0.01,200,data/BIT.xlsx,5678,混合效应,2.3566666666666665,747.9941202700884,419.59,1.6866666666666668,592.06,439.0366666666667,0.67,1.8560718833499485,0.06442700956475315,155.93412027008833,7.658214251414718,2.6328618570493447e-13,-19.446666666666665,-0.894800973407408,0.37161322265937535
10000000000000.0,0.007,0.04,200,data/BIT.xlsx,5678,混合效应,2.3566666666666665,747.9941202700884,419.59,1.6866666666666668,592.06,439.0366666666667,0.67,1.8560718833499485,0.06442700956475315,155.93412027008833,7.658214251414718,2.6328618570493447e-13,-19.446666666666665,-0.894800973407408,0.37161322265937535
10000000000000.0,0.007,0.07,200,data/BIT.xlsx,5678,混合效应,2.3566666666666665,747.9941202700884,419.59,1.6866666666666668,592.06,439.0366666666667,0.67,1.8560718833499485,0.06442700956475315,155.93412027008833,7.658214251414718,2.6328618570493447e-13,-19.446666666666665,-0.894800973407408,0.37161322265937535
10000000000000.0,0.007,0.1,200,data/BIT.xlsx,5678,混合效应,2.3566666666666665,747.9941202700884,419.59,1.6866666666666668,592.06,439.0366666666667,0.67,1.8560718833499485,0.06442700956475315,155.93412027008833,7.658214251414718,2.6328618570493447e-13,-19.446666666666665,-0.894800973407408,0.37161322265937535
10000000000000.0,0.01,0.01,200,data/BIT.xlsx,5678,混合效应,2.3566666666666665,747.9941202700884,419.59,1.6866666666666668,592.06,439.0366666666667,0.67,1.8560718833499485,0.06442700956475315,155.93412027008833,7.658214251414718,2.6328618570493447e-13,-19.446666666666665,-0.894800973407408,0.37161322265937535
10000000000000.0,0.01,0.04,200,data/BIT.xlsx,5678,混合效应,2.3566666666666665,747.9941202700884,419.59,1.6866666666666668,592.06,439.0366666666667,0.67,1.8560718833499485,0.06442700956475315,155.93412027008833,7.658214251414718,2.6328618570493447e-13,-19.446666666666665,-0.894800973407408,0.37161322265937535
10000000000000.0,0.01,0.07,200,data/BIT.xlsx,5678,混合效应,2.3566666666666665,747.9941202700884,419.59,1.6866666666666668,592.06,439.0366666666667,0.67,1.8560718833499485,0.06442700956475315,155.93412027008833,7.658214251414718,2.6328618570493447e-13,-19.446666666666665,-0.894800973407408,0.37161322265937535
10000000000000.0,0.01,0.1,200,data/BIT.xlsx,5678,混合效应,2.3566666666666665,747.9941202700884,419.59,1.6866666666666668,592.06,439.0366666666667,0.67,1.8560718833499485,0.06442700956475315,155.93412027008833,7.658214251414718,2.6328618570493447e-13,-19.446666666666665,-0.894800973407408,0.37161322265937535
1000000000000000.0,0.001,0.01,200,data/BIT.xlsx,5678,混合效应,2.276193333333552,1590.0703327865087,419.59,1.6866666666666668,592.06,439.0366666666667,0.5895266666668856,1.6614487828995343,0.09767144051474175,998.0103327865086,49.02055289620961,5.815141536770196e-145,-19.446666666666665,-0.894800973407408,0.37161322265937535
1000000000000000.0,0.001,0.04,200,data/BIT.xlsx,5678,混合效应,2.276193333333552,1590.0703327865087,419.59,1.6866666666666668,592.06,439.0366666666667,0.5895266666668856,1.6614487828995343,0.09767144051474175,998.0103327865086,49.02055289620961,5.815141536770196e-145,-19.446666666666665,-0.894800973407408,0.37161322265937535
1000000000000000.0,0.001,0.07,200,data/BIT.xlsx,5678,混合效应,2.276193333333552,1590.0703327865087,419.59,1.6866666666666668,592.06,439.0366666666667,0.5895266666668856,1.6614487828995343,0.09767144051474175,998.0103327865086,49.02055289620961,5.815141536770196e-145,-19.446666666666665,-0.894800973407408,0.37161322265937535
1000000000000000.0,0.001,0.1,200,data/BIT.xlsx,5678,混合效应,2.276193333333552,1590.0703327865087,419.59,1.6866666666666668,592.06,439.0366666666667,0.5895266666668856,1.6614487828995343,0.09767144051474175,998.0103327865086,49.02055289620961,5.815141536770196e-145,-19.446666666666665,-0.894800973407408,0.37161322265937535
1000000000000000.0,0.004,0.01,200,data/BIT.xlsx,5678,混合效应,2.3566666666666665,1590.9412027008832,419.59,1.6866666666666668,592.06,439.0366666666667,0.67,1.8560718833499485,0.06442700956475315,998.8812027008831,49.056911013089874,4.7741463097533904e-145,-19.446666666666665,-0.894800973407408,0.37161322265937535
1000000000000000.0,0.004,0.04,200,data/BIT.xlsx,5678,混合效应,2.3566666666666665,1590.9412027008832,419.59,1.6866666666666668,592.06,439.0366666666667,0.67,1.8560718833499485,0.06442700956475315,998.8812027008831,49.056911013089874,4.7741463097533904e-145,-19.446666666666665,-0.894800973407408,0.37161322265937535
1000000000000000.0,0.004,0.07,200,data/BIT.xlsx,5678,混合效应,2.3566666666666665,1590.9412027008832,419.59,1.6866666666666668,592.06,439.0366666666667,0.67,1.8560718833499485,0.06442700956475315,998.8812027008831,49.056911013089874,4.7741463097533904e-145,-19.446666666666665,-0.894800973407408,0.37161322265937535
1000000000000000.0,0.004,0.1,200,data/BIT.xlsx,5678,混合效应,2.3566666666666665,1590.9412027008832,419.59,1.6866666666666668,592.06,439.0366666666667,0.67,1.8560718833499485,0.06442700956475315,998.8812027008831,49.056911013089874,4.7741463097533904e-145,-19.446666666666665,-0.894800973407408,0.37161322265937535
1000000000000000.0,0.007,0.01,200,data/BIT.xlsx,5678,混合效应,2.3566666666666665,1590.9412027008832,419.59,1.6866666666666668,592.06,439.0366666666667,0.67,1.8560718833499485,0.06442700956475315,998.8812027008831,49.056911013089874,4.7741463097533904e-145,-19.446666666666665,-0.894800973407408,0.37161322265937535
1000000000000000.0,0.007,0.04,200,data/BIT.xlsx,5678,混合效应,2.3566666666666665,1590.9412027008832,419.59,1.6866666666666668,592.06,439.0366666666667,0.67,1.8560718833499485,0.06442700956475315,998.8812027008831,49.056911013089874,4.7741463097533904e-145,-19.446666666666665,-0.894800973407408,0.37161322265937535
1000000000000000.0,0.007,0.07,200,data/BIT.xlsx,5678,混合效应,2.3566666666666665,1590.9412027008832,419.59,1.6866666666666668,592.06,439.0366666666667,0.67,1.8560718833499485,0.06442700956475315,998.8812027008831,49.056911013089874,4.7741463097533904e-145,-19.446666666666665,-0.894800973407408,0.37161322265937535
1000000000000000.0,0.007,0.1,200,data/BIT.xlsx,5678,混合效应,2.3566666666666665,1590.9412027008832,419.59,1.6866666666666668,592.06,439.0366666666667,0.67,1.8560718833499485,0.06442700956475315,998.8812027008831,49.056911013089874,4.7741463097533904e-145,-19.446666666666665,-0.894800973407408,0.37161322265937535
1000000000000000.0,0.01,0.01,200,data/BIT.xlsx,5678,混合效应,2.3566666666666665,1590.9412027008832,419.59,1.6866666666666668,592.06,439.0366666666667,0.67,1.8560718833499485,0.06442700956475315,998.8812027008831,49.056911013089874,4.7741463097533904e-145,-19.446666666666665,-0.894800973407408,0.37161322265937535
1000000000000000.0,0.01,0.04,200,data/BIT.xlsx,5678,混合效应,2.3566666666666665,1590.9412027008832,419.59,1.6866666666666668,592.06,439.0366666666667,0.67,1.8560718833499485,0.06442700956475315,998.8812027008831,49.056911013089874,4.7741463097533904e-145,-19.446666666666665,-0.894800973407408,0.37161322265937535
1000000000000000.0,0.01,0.07,200,data/BIT.xlsx,5678,混合效应,2.3566666666666665,1590.9412027008832,419.59,1.6866666666666668,592.06,439.0366666666667,0.67,1.8560718833499485,0.06442700956475315,998.8812027008831,49.056911013089874,4.7741463097533904e-145,-19.446666666666665,-0.894800973407408,0.37161322265937535
1000000000000000.0,0.01,0.1,200,data/BIT.xlsx,5678,混合效应,2.3566666666666665,1590.9412027008832,419.59,1.6866666666666668,592.06,439.0366666666667,0.67,1.8560718833499485,0.06442700956475315,998.8812027008831,49.056911013089874,4.7741463097533904e-145,-19.446666666666665,-0.894800973407408,0.37161322265937535
1000000000.0,0.001,0.01,200,data/BIT.xlsx,91011,混合效应,1.4205349984967324,686.5756057983245,446.54,2.12,598.6933333333334,384.81,-0.6994650015032675,-4.707141530556797,3.8479443237299535e-06,87.88227246499112,4.454470534370393,1.1896929171305318e-05,61.73,0.9052642208671423,0.36605429004921675
1000000000.0,0.001,0.04,200,data/BIT.xlsx,91011,混合效应,1.4205349984967324,686.5756057983245,446.54,2.12,598.6933333333334,384.81,-0.6994650015032675,-4.707141530556797,3.8479443237299535e-06,87.88227246499112,4.454470534370393,1.1896929171305318e-05,61.73,0.9052642208671423,0.36605429004921675
1000000000.0,0.001,0.07,200,data/BIT.xlsx,91011,混合效应,1.4205349984967324,686.5756057983245,446.54,2.12,598.6933333333334,384.81,-0.6994650015032675,-4.707141530556797,3.8479443237299535e-06,87.88227246499112,4.454470534370393,1.1896929171305318e-05,61.73,0.9052642208671423,0.36605429004921675
1000000000.0,0.001,0.1,200,data/BIT.xlsx,91011,混合效应,1.4205349984967324,686.5756057983245,446.54,2.12,598.6933333333334,384.81,-0.6994650015032675,-4.707141530556797,3.8479443237299535e-06,87.88227246499112,4.454470534370393,1.1896929171305318e-05,61.73,0.9052642208671423,0.36605429004921675
1000000000.0,0.004,0.01,200,data/BIT.xlsx,91011,混合效应,1.4266666666666667,686.5766078693675,446.54,2.12,598.6933333333334,384.81,-0.6933333333333334,-4.664551052270216,4.670397797861313e-06,87.8832745360342,4.45452113593746,1.1894299015194253e-05,61.73,0.9052642208671423,0.36605429004921675
1000000000.0,0.004,0.04,200,data/BIT.xlsx,91011,混合效应,1.4266666666666667,686.5766078693675,446.54,2.12,598.6933333333334,384.81,-0.6933333333333334,-4.664551052270216,4.670397797861313e-06,87.8832745360342,4.45452113593746,1.1894299015194253e-05,61.73,0.9052642208671423,0.36605429004921675
1000000000.0,0.004,0.07,200,data/BIT.xlsx,91011,混合效应,1.4266666666666667,686.5766078693675,446.54,2.12,598.6933333333334,384.81,-0.6933333333333334,-4.664551052270216,4.670397797861313e-06,87.8832745360342,4.45452113593746,1.1894299015194253e-05,61.73,0.9052642208671423,0.36605429004921675
1000000000.0,0.004,0.1,200,data/BIT.xlsx,91011,混合效应,1.4266666666666667,686.5766078693675,446.54,2.12,598.6933333333334,384.81,-0.6933333333333334,-4.664551052270216,4.670397797861313e-06,87.8832745360342,4.45452113593746,1.1894299015194253e-05,61.73,0.9052642208671423,0.36605429004921675
1000000000.0,0.007,0.01,200,data/BIT.xlsx,91011,混合效应,1.4266666666666667,686.5766078693675,446.54,2.12,598.6933333333334,384.81,-0.6933333333333334,-4.664551052270216,4.670397797861313e-06,87.8832745360342,4.45452113593746,1.1894299015194253e-05,61.73,0.9052642208671423,0.36605429004921675
1000000000.0,0.007,0.04,200,data/BIT.xlsx,91011,混合效应,1.4266666666666667,686.5766078693675,446.54,2.12,598.6933333333334,384.81,-0.6933333333333334,-4.664551052270216,4.670397797861313e-06,87.8832745360342,4.45452113593746,1.1894299015194253e-05,61.73,0.9052642208671423,0.36605429004921675
1000000000.0,0.007,0.07,200,data/BIT.xlsx,91011,混合效应,1.4266666666666667,686.5766078693675,446.54,2.12,598.6933333333334,384.81,-0.6933333333333334,-4.664551052270216,4.670397797861313e-06,87.8832745360342,4.45452113593746,1.1894299015194253e-05,61.73,0.9052642208671423,0.36605429004921675
1000000000.0,0.007,0.1,200,data/BIT.xlsx,91011,混合效应,1.4266666666666667,686.5766078693675,446.54,2.12,598.6933333333334,384.81,-0.6933333333333334,-4.664551052270216,4.670397797861313e-06,87.8832745360342,4.45452113593746,1.1894299015194253e-05,61.73,0.9052642208671423,0.36605429004921675
1000000000.0,0.01,0.01,200,data/BIT.xlsx,91011,混合效应,1.4266666666666667,686.5766078693675,446.54,2.12,598.6933333333334,384.81,-0.6933333333333334,-4.664551052270216,4.670397797861313e-06,87.8832745360342,4.45452113593746,1.1894299015194253e-05,61.73,0.9052642208671423,0.36605429004921675
1000000000.0,0.01,0.04,200,data/BIT.xlsx,91011,混合效应,1.4266666666666667,686.5766078693675,446.54,2.12,598.6933333333334,384.81,-0.6933333333333334,-4.664551052270216,4.670397797861313e-06,87.8832745360342,4.45452113593746,1.1894299015194253e-05,61.73,0.9052642208671423,0.36605429004921675
1000000000.0,0.01,0.07,200,data/BIT.xlsx,91011,混合效应,1.4266666666666667,686.5766078693675,446.54,2.12,598.6933333333334,384.81,-0.6933333333333334,-4.664551052270216,4.670397797861313e-06,87.8832745360342,4.45452113593746,1.1894299015194253e-05,61.73,0.9052642208671423,0.36605429004921675
1000000000.0,0.01,0.1,200,data/BIT.xlsx,91011,混合效应,1.4266666666666667,686.5766078693675,446.54,2.12,598.6933333333334,384.81,-0.6933333333333334,-4.664551052270216,4.670397797861313e-06,87.8832745360342,4.45452113593746,1.1894299015194253e-05,61.73,0.9052642208671423,0.36605429004921675
100000000000.0,0.001,0.01,200,data/BIT.xlsx,91011,混合效应,1.42053499849649,694.9960579832448,446.54,2.12,598.6933333333334,384.81,-0.6994650015035101,-4.707141530558382,3.847944323702107e-06,96.30272464991157,4.881278125217359,1.7180512374136584e-06,61.73,0.9052642208671423,0.36605429004921675
100000000000.0,0.001,0.04,200,data/BIT.xlsx,91011,混合效应,1.42053499849649,694.9960579832448,446.54,2.12,598.6933333333334,384.81,-0.6994650015035101,-4.707141530558382,3.847944323702107e-06,96.30272464991157,4.881278125217359,1.7180512374136584e-06,61.73,0.9052642208671423,0.36605429004921675
100000000000.0,0.001,0.07,200,data/BIT.xlsx,91011,混合效应,1.42053499849649,694.9960579832448,446.54,2.12,598.6933333333334,384.81,-0.6994650015035101,-4.707141530558382,3.847944323702107e-06,96.30272464991157,4.881278125217359,1.7180512374136584e-06,61.73,0.9052642208671423,0.36605429004921675
100000000000.0,0.001,0.1,200,data/BIT.xlsx,91011,混合效应,1.42053499849649,694.9960579832448,446.54,2.12,598.6933333333334,384.81,-0.6994650015035101,-4.707141530558382,3.847944323702107e-06,96.30272464991157,4.881278125217359,1.7180512374136584e-06,61.73,0.9052642208671423,0.36605429004921675
100000000000.0,0.004,0.01,200,data/BIT.xlsx,91011,混合效应,1.4266666666666667,695.0060786936755,446.54,2.12,598.6933333333334,384.81,-0.6933333333333334,-4.664551052270216,4.670397797861313e-06,96.31274536034216,4.881783958697346,1.7139745065288544e-06,61.73,0.9052642208671423,0.36605429004921675
100000000000.0,0.004,0.04,200,data/BIT.xlsx,91011,混合效应,1.4266666666666667,695.0060786936755,446.54,2.12,598.6933333333334,384.81,-0.6933333333333334,-4.664551052270216,4.670397797861313e-06,96.31274536034216,4.881783958697346,1.7139745065288544e-06,61.73,0.9052642208671423,0.36605429004921675
100000000000.0,0.004,0.07,200,data/BIT.xlsx,91011,混合效应,1.4266666666666667,695.0060786936755,446.54,2.12,598.6933333333334,384.81,-0.6933333333333334,-4.664551052270216,4.670397797861313e-06,96.31274536034216,4.881783958697346,1.7139745065288544e-06,61.73,0.9052642208671423,0.36605429004921675
100000000000.0,0.004,0.1,200,data/BIT.xlsx,91011,混合效应,1.4266666666666667,695.0060786936755,446.54,2.12,598.6933333333334,384.81,-0.6933333333333334,-4.664551052270216,4.670397797861313e-06,96.31274536034216,4.881783958697346,1.7139745065288544e-06,61.73,0.9052642208671423,0.36605429004921675
100000000000.0,0.007,0.01,200,data/BIT.xlsx,91011,混合效应,1.4266666666666667,695.0060786936755,446.54,2.12,598.6933333333334,384.81,-0.6933333333333334,-4.664551052270216,4.670397797861313e-06,96.31274536034216,4.881783958697346,1.7139745065288544e-06,61.73,0.9052642208671423,0.36605429004921675
100000000000.0,0.007,0.04,200,data/BIT.xlsx,91011,混合效应,1.4266666666666667,695.0060786936755,446.54,2.12,598.6933333333334,384.81,-0.6933333333333334,-4.664551052270216,4.670397797861313e-06,96.31274536034216,4.881783958697346,1.7139745065288544e-06,61.73,0.9052642208671423,0.36605429004921675
100000000000.0,0.007,0.07,200,data/BIT.xlsx,91011,混合效应,1.4266666666666667,695.0060786936755,446.54,2.12,598.6933333333334,384.81,-0.6933333333333334,-4.664551052270216,4.670397797861313e-06,96.31274536034216,4.881783958697346,1.7139745065288544e-06,61.73,0.9052642208671423,0.36605429004921675
100000000000.0,0.007,0.1,200,data/BIT.xlsx,91011,混合效应,1.4266666666666667,695.0060786936755,446.54,2.12,598.6933333333334,384.81,-0.6933333333333334,-4.664551052270216,4.670397797861313e-06,96.31274536034216,4.881783958697346,1.7139745065288544e-06,61.73,0.9052642208671423,0.36605429004921675
100000000000.0,0.01,0.01,200,data/BIT.xlsx,91011,混合效应,1.4266666666666667,695.0060786936755,446.54,2.12,598.6933333333334,384.81,-0.6933333333333334,-4.664551052270216,4.670397797861313e-06,96.31274536034216,4.881783958697346,1.7139745065288544e-06,61.73,0.9052642208671423,0.36605429004921675
100000000000.0,0.01,0.04,200,data/BIT.xlsx,91011,混合效应,1.4266666666666667,695.0060786936755,446.54,2.12,598.6933333333334,384.81,-0.6933333333333334,-4.664551052270216,4.670397797861313e-06,96.31274536034216,4.881783958697346,1.7139745065288544e-06,61.73,0.9052642208671423,0.36605429004921675
100000000000.0,0.01,0.07,200,data/BIT.xlsx,91011,混合效应,1.4266666666666667,695.0060786936755,446.54,2.12,598.6933333333334,384.81,-0.6933333333333334,-4.664551052270216,4.670397797861313e-06,96.31274536034216,4.881783958697346,1.7139745065288544e-06,61.73,0.9052642208671423,0.36605429004921675
100000000000.0,0.01,0.1,200,data/BIT.xlsx,91011,混合效应,1.4266666666666667,695.0060786936755,446.54,2.12,598.6933333333334,384.81,-0.6933333333333334,-4.664551052270216,4.670397797861313e-06,96.31274536034216,4.881783958697346,1.7139745065288544e-06,61.73,0.9052642208671423,0.36605429004921675
10000000000000.0,0.001,0.01,200,data/BIT.xlsx,91011,混合效应,1.4205349984966353,779.2005798324489,446.54,2.12,598.6933333333334,384.81,-0.6994650015033645,-4.707141530557393,3.847944323719458e-06,180.5072464991156,9.149372065956433,9.170866670202183e-18,61.73,0.9052642208671423,0.36605429004921675
10000000000000.0,0.001,0.04,200,data/BIT.xlsx,91011,混合效应,1.4205349984966353,779.2005798324489,446.54,2.12,598.6933333333334,384.81,-0.6994650015033645,-4.707141530557393,3.847944323719458e-06,180.5072464991156,9.149372065956433,9.170866670202183e-18,61.73,0.9052642208671423,0.36605429004921675
10000000000000.0,0.001,0.07,200,data/BIT.xlsx,91011,混合效应,1.4205349984966353,779.2005798324489,446.54,2.12,598.6933333333334,384.81,-0.6994650015033645,-4.707141530557393,3.847944323719458e-06,180.5072464991156,9.149372065956433,9.170866670202183e-18,61.73,0.9052642208671423,0.36605429004921675
10000000000000.0,0.001,0.1,200,data/BIT.xlsx,91011,混合效应,1.4205349984966353,779.2005798324489,446.54,2.12,598.6933333333334,384.81,-0.6994650015033645,-4.707141530557393,3.847944323719458e-06,180.5072464991156,9.149372065956433,9.170866670202183e-18,61.73,0.9052642208671423,0.36605429004921675
10000000000000.0,0.004,0.01,200,data/BIT.xlsx,91011,混合效应,1.4266666666666667,779.300786936755,446.54,2.12,598.6933333333334,384.81,-0.6933333333333334,-4.664551052270216,4.670397797861313e-06,180.60745360342162,9.154412186296197,8.842600439629792e-18,61.73,0.9052642208671423,0.36605429004921675
10000000000000.0,0.004,0.04,200,data/BIT.xlsx,91011,混合效应,1.4266666666666667,779.300786936755,446.54,2.12,598.6933333333334,384.81,-0.6933333333333334,-4.664551052270216,4.670397797861313e-06,180.60745360342162,9.154412186296197,8.842600439629792e-18,61.73,0.9052642208671423,0.36605429004921675
10000000000000.0,0.004,0.07,200,data/BIT.xlsx,91011,混合效应,1.4266666666666667,779.300786936755,446.54,2.12,598.6933333333334,384.81,-0.6933333333333334,-4.664551052270216,4.670397797861313e-06,180.60745360342162,9.154412186296197,8.842600439629792e-18,61.73,0.9052642208671423,0.36605429004921675
10000000000000.0,0.004,0.1,200,data/BIT.xlsx,91011,混合效应,1.4266666666666667,779.300786936755,446.54,2.12,598.6933333333334,384.81,-0.6933333333333334,-4.664551052270216,4.670397797861313e-06,180.60745360342162,9.154412186296197,8.842600439629792e-18,61.73,0.9052642208671423,0.36605429004921675
10000000000000.0,0.007,0.01,200,data/BIT.xlsx,91011,混合效应,1.4266666666666667,779.300786936755,446.54,2.12,598.6933333333334,384.81,-0.6933333333333334,-4.664551052270216,4.670397797861313e-06,180.60745360342162,9.154412186296197,8.842600439629792e-18,61.73,0.9052642208671423,0.36605429004921675
10000000000000.0,0.007,0.04,200,data/BIT.xlsx,91011,混合效应,1.4266666666666667,779.300786936755,446.54,2.12,598.6933333333334,384.81,-0.6933333333333334,-4.664551052270216,4.670397797861313e-06,180.60745360342162,9.154412186296197,8.842600439629792e-18,61.73,0.9052642208671423,0.36605429004921675
10000000000000.0,0.007,0.07,200,data/BIT.xlsx,91011,混合效应,1.4266666666666667,779.300786936755,446.54,2.12,598.6933333333334,384.81,-0.6933333333333334,-4.664551052270216,4.670397797861313e-06,180.60745360342162,9.154412186296197,8.842600439629792e-18,61.73,0.9052642208671423,0.36605429004921675
10000000000000.0,0.007,0.1,200,data/BIT.xlsx,91011,混合效应,1.4266666666666667,779.300786936755,446.54,2.12,598.6933333333334,384.81,-0.6933333333333334,-4.664551052270216,4.670397797861313e-06,180.60745360342162,9.154412186296197,8.842600439629792e-18,61.73,0.9052642208671423,0.36605429004921675
10000000000000.0,0.01,0.01,200,data/BIT.xlsx,91011,混合效应,1.4266666666666667,779.300786936755,446.54,2.12,598.6933333333334,384.81,-0.6933333333333334,-4.664551052270216,4.670397797861313e-06,180.60745360342162,9.154412186296197,8.842600439629792e-18,61.73,0.9052642208671423,0.36605429004921675
10000000000000.0,0.01,0.04,200,data/BIT.xlsx,91011,混合效应,1.4266666666666667,779.300786936755,446.54,2.12,598.6933333333334,384.81,-0.6933333333333334,-4.664551052270216,4.670397797861313e-06,180.60745360342162,9.154412186296197,8.842600439629792e-18,61.73,0.9052642208671423,0.36605429004921675
10000000000000.0,0.01,0.07,200,data/BIT.xlsx,91011,混合效应,1.4266666666666667,779.300786936755,446.54,2.12,598.6933333333334,384.81,-0.6933333333333334,-4.664551052270216,4.670397797861313e-06,180.60745360342162,9.154412186296197,8.842600439629792e-18,61.73,0.9052642208671423,0.36605429004921675
10000000000000.0,0.01,0.1,200,data/BIT.xlsx,91011,混合效应,1.4266666666666667,779.300786936755,446.54,2.12,598.6933333333334,384.81,-0.6933333333333334,-4.664551052270216,4.670397797861313e-06,180.60745360342162,9.154412186296197,8.842600439629792e-18,61.73,0.9052642208671423,0.36605429004921675
1000000000000000.0,0.001,0.01,200,data/BIT.xlsx,91011,混合效应,1.4205349984964415,1621.2457983244906,446.54,2.12,598.6933333333334,384.81,-0.6994650015035586,-4.707141530558681,3.8479443236968515e-06,1022.5524649911567,51.83211009766179,1.9178490654615963e-151,61.73,0.9052642208671423,0.36605429004921675
1000000000000000.0,0.001,0.04,200,data/BIT.xlsx,91011,混合效应,1.4205349984964415,1621.2457983244906,446.54,2.12,598.6933333333334,384.81,-0.6994650015035586,-4.707141530558681,3.8479443236968515e-06,1022.5524649911567,51.83211009766179,1.9178490654615963e-151,61.73,0.9052642208671423,0.36605429004921675
1000000000000000.0,0.001,0.07,200,data/BIT.xlsx,91011,混合效应,1.4205349984964415,1621.2457983244906,446.54,2.12,598.6933333333334,384.81,-0.6994650015035586,-4.707141530558681,3.8479443236968515e-06,1022.5524649911567,51.83211009766179,1.9178490654615963e-151,61.73,0.9052642208671423,0.36605429004921675
1000000000000000.0,0.001,0.1,200,data/BIT.xlsx,91011,混合效应,1.4205349984964415,1621.2457983244906,446.54,2.12,598.6933333333334,384.81,-0.6994650015035586,-4.707141530558681,3.8479443236968515e-06,1022.5524649911567,51.83211009766179,1.9178490654615963e-151,61.73,0.9052642208671423,0.36605429004921675
1000000000000000.0,0.004,0.01,200,data/BIT.xlsx,91011,混合效应,1.4266666666666667,1622.2478693675496,446.54,2.12,598.6933333333334,384.81,-0.6933333333333334,-4.664551052270216,4.670397797861313e-06,1023.5545360342165,51.88069446228473,1.4903467843844787e-151,61.73,0.9052642208671423,0.36605429004921675
1000000000000000.0,0.004,0.04,200,data/BIT.xlsx,91011,混合效应,1.4266666666666667,1622.2478693675496,446.54,2.12,598.6933333333334,384.81,-0.6933333333333334,-4.664551052270216,4.670397797861313e-06,1023.5545360342165,51.88069446228473,1.4903467843844787e-151,61.73,0.9052642208671423,0.36605429004921675
1000000000000000.0,0.004,0.07,200,data/BIT.xlsx,91011,混合效应,1.4266666666666667,1622.2478693675496,446.54,2.12,598.6933333333334,384.81,-0.6933333333333334,-4.664551052270216,4.670397797861313e-06,1023.5545360342165,51.88069446228473,1.4903467843844787e-151,61.73,0.9052642208671423,0.36605429004921675
1000000000000000.0,0.004,0.1,200,data/BIT.xlsx,91011,混合效应,1.4266666666666667,1622.2478693675496,446.54,2.12,598.6933333333334,384.81,-0.6933333333333334,-4.664551052270216,4.670397797861313e-06,1023.5545360342165,51.88069446228473,1.4903467843844787e-151,61.73,0.9052642208671423,0.36605429004921675
1000000000000000.0,0.007,0.01,200,data/BIT.xlsx,91011,混合效应,1.4266666666666667,1622.2478693675496,446.54,2.12,598.6933333333334,384.81,-0.6933333333333334,-4.664551052270216,4.670397797861313e-06,1023.5545360342165,51.88069446228473,1.4903467843844787e-151,61.73,0.9052642208671423,0.36605429004921675
1000000000000000.0,0.007,0.04,200,data/BIT.xlsx,91011,混合效应,1.4266666666666667,1622.2478693675496,446.54,2.12,598.6933333333334,384.81,-0.6933333333333334,-4.664551052270216,4.670397797861313e-06,1023.5545360342165,51.88069446228473,1.4903467843844787e-151,61.73,0.9052642208671423,0.36605429004921675
1000000000000000.0,0.007,0.07,200,data/BIT.xlsx,91011,混合效应,1.4266666666666667,1622.2478693675496,446.54,2.12,598.6933333333334,384.81,-0.6933333333333334,-4.664551052270216,4.670397797861313e-06,1023.5545360342165,51.88069446228473,1.4903467843844787e-151,61.73,0.9052642208671423,0.36605429004921675
1000000000000000.0,0.007,0.1,200,data/BIT.xlsx,91011,混合效应,1.4266666666666667,1622.2478693675496,446.54,2.12,598.6933333333334,384.81,-0.6933333333333334,-4.664551052270216,4.670397797861313e-06,1023.5545360342165,51.88069446228473,1.4903467843844787e-151,61.73,0.9052642208671423,0.36605429004921675
1000000000000000.0,0.01,0.01,200,data/BIT.xlsx,91011,混合效应,1.4266666666666667,1622.2478693675496,446.54,2.12,598.6933333333334,384.81,-0.6933333333333334,-4.664551052270216,4.670397797861313e-06,1023.5545360342165,51.88069446228473,1.4903467843844787e-151,61.73,0.9052642208671423,0.36605429004921675
1000000000000000.0,0.01,0.04,200,data/BIT.xlsx,91011,混合效应,1.4266666666666667,1622.2478693675496,446.54,2.12,598.6933333333334,384.81,-0.6933333333333334,-4.664551052270216,4.670397797861313e-06,1023.5545360342165,51.88069446228473,1.4903467843844787e-151,61.73,0.9052642208671423,0.36605429004921675
1000000000000000.0,0.01,0.07,200,data/BIT.xlsx,91011,混合效应,1.4266666666666667,1622.2478693675496,446.54,2.12,598.6933333333334,384.81,-0.6933333333333334,-4.664551052270216,4.670397797861313e-06,1023.5545360342165,51.88069446228473,1.4903467843844787e-151,61.73,0.9052642208671423,0.36605429004921675
1000000000000000.0,0.01,0.1,200,data/BIT.xlsx,91011,混合效应,1.4266666666666667,1622.2478693675496,446.54,2.12,598.6933333333334,384.81,-0.6933333333333334,-4.664551052270216,4.670397797861313e-06,1023.5545360342165,51.88069446228473,1.4903467843844787e-151,61.73,0.9052642208671423,0.36605429004921675
