k,fee,spread_mean,spread_t,spread_p,depth_mean,depth_t,depth_p,volume_mean,volume_t,volume_p
10000000.0,0.003,-0.05,-0.9161481414568365,0.35995788125203165,-8791.593333333334,-4.805624179123592,1.952614711118684e-06,1070.68,2.1158522863642597,0.034769379001320724
10000000.0,0.008,-0.05,-0.9161481414568365,0.35995788125203165,-8791.593333333334,-4.805624179123592,1.952614711118684e-06,1070.68,2.1158522863642597,0.034769379001320724
100000000.0,0.003,-0.05,-0.9161481414568365,0.35995788125203165,-8791.593333333334,-4.805624179123592,1.952614711118684e-06,1070.68,2.1158522863642597,0.034769379001320724
100000000.0,0.008,-0.05,-0.9161481414568365,0.35995788125203165,-8791.593333333334,-4.805624179123592,1.952614711118684e-06,1070.68,2.1158522863642597,0.034769379001320724
