k,fee,spread_mean,spread_t,spread_p,depth_mean,depth_t,depth_p,volume_mean,volume_t,volume_p
10000000.0,0.003,0.03833333333333333,0.9557784869834466,0.3395697259543704,-6982.903333333334,-4.810026371317687,1.9116658926029026e-06,5.333333333333333,1.1198118061084728,0.26324277199534596
10000000.0,0.008,0.03833333333333333,0.9557784869834466,0.3395697259543704,-6982.903333333334,-4.810026371317687,1.9116658926029026e-06,5.333333333333333,1.1198118061084728,0.26324277199534596
100000000.0,0.003,0.03833333333333333,0.9557784869834466,0.3395697259543704,-6982.903333333334,-4.810026371317687,1.9116658926029026e-06,5.333333333333333,1.1198118061084728,0.26324277199534596
100000000.0,0.008,0.03833333333333333,0.9557784869834466,0.3395697259543704,-6982.903333333334,-4.810026371317687,1.9116658926029026e-06,5.333333333333333,1.1198118061084728,0.26324277199534596
