k,fee,spread_mean,spread_t,spread_p,depth_mean,depth_t,depth_p,volume_mean,volume_t,volume_p
10000000.0,0.003,0.19243604004449388,3.046220242587312,0.002385102731910601,-18223.79532814238,-7.677868794401608,4.2188289353213303e-14,-6817.305895439377,-2.5965476697290053,0.009570505779738702
10000000.0,0.008,0.19243604004449388,3.046220242587312,0.002385102731910601,-18223.79532814238,-7.677868794401608,4.2188289353213303e-14,-6817.305895439377,-2.5965476697290053,0.009570505779738702
100000000.0,0.003,0.19243604004449388,3.046220242587312,0.002385102731910601,-18223.79532814238,-7.677868794401608,4.2188289353213303e-14,-6817.305895439377,-2.5965476697290053,0.009570505779738702
100000000.0,0.008,0.19243604004449388,3.046220242587312,0.002385102731910601,-18223.79532814238,-7.677868794401608,4.2188289353213303e-14,-6817.305895439377,-2.5965476697290053,0.009570505779738702
