{
  "spread_mean": 0.03833333333333333,
  "spread_t": 0.9557784869834466,
  "spread_p": 0.3395697259543704,
  "depth_mean": -6982.903333333334,
  "depth_t": -4.810026371317687,
  "depth_p": 1.9116658926029026e-06,
  "volume_mean": 5.333333333333333,
  "volume_t": 1.1198118061084728,
  "volume_p": 0.26324277199534596
}