{
  "spread_mean": -0.16333333333333333,
  "spread_t": -4.441694718295549,
  "spread_p": 1.0630885882949581e-05,
  "depth_mean": -8106.5633333333335,
  "depth_t": -4.535282117850855,
  "depth_p": 6.950948670160984e-06,
  "volume_mean": 504.2366666666667,
  "volume_t": 2.2793089499063033,
  "volume_p": 0.022999591093123186
}