{
  "spread_mean": 0.034444444444444444,
  "spread_t": 0.331183210686944,
  "spread_p": 0.7405832811561988,
  "depth_mean": 701.7988888888889,
  "depth_t": 3.097927793326819,
  "depth_p": 0.0020093350008645516,
  "volume_mean": -18.89666666666667,
  "volume_t": -0.9906369120908703,
  "volume_p": 0.32212945678665367
}