{
  "spread_mean": 0.9133333333333333,
  "spread_t": 3.9855861265733514,
  "spread_p": 7.56157233105525e-05,
  "depth_mean": -9284.255,
  "depth_t": -4.844783804262259,
  "depth_p": 1.616162179573113e-06,
  "volume_mean": 928.2133333333334,
  "volume_t": 4.7131409994734215,
  "volume_p": 3.0361612262840152e-06
}