{
  "hybrid_spread_mean": 2.2460084402619342,
  "hybrid_depth_mean": 447.95465470832403,
  "hybrid_volume_mean": 368.81,
  "original_spread_mean": 3.6966666666666668,
  "original_depth_mean": 462.37833333333333,
  "original_volume_mean": 528.4916666666667,
  "spread_mean": -1.4506582264047325,
  "spread_t": -0.8631369028347347,
  "spread_p": 0.3884076553724647,
  "depth_mean": -14.423678625009282,
  "depth_t": -0.297267427056755,
  "depth_p": 0.7663654076846601,
  "volume_mean": -159.68166666666667,
  "volume_t": -1.0983279254700393,
  "volume_p": 0.27250260136826343
}