{
  "spread_mean": 0.19243604004449388,
  "spread_t": 3.046220242587312,
  "spread_p": 0.002385102731910601,
  "depth_mean": -18223.79532814238,
  "depth_t": -7.677868794401608,
  "depth_p": 4.2188289353213303e-14,
  "volume_mean": -6817.305895439377,
  "volume_t": -2.5965476697290053,
  "volume_p": 0.009570505779738702
}