{
  "spread_mean": -0.05,
  "spread_t": -0.9161481414568365,
  "spread_p": 0.35995788125203165,
  "depth_mean": -8791.593333333334,
  "depth_t": -4.805624179123592,
  "depth_p": 1.952614711118684e-06,
  "volume_mean": 1070.68,
  "volume_t": 2.1158522863642597,
  "volume_p": 0.034769379001320724
}