{
  "hybrid_spread_mean": -271.6848087788864,
  "hybrid_depth_mean": 430.0864338145276,
  "hybrid_volume_mean": 368.34166666666664,
  "original_spread_mean": 3.6966666666666668,
  "original_depth_mean": 462.37833333333333,
  "original_volume_mean": 528.4916666666667,
  "spread_mean": -275.38147544555306,
  "spread_t": -53.252274871537125,
  "spread_p": 2.461345292630467e-229,
  "depth_mean": -32.29189951880574,
  "depth_t": -0.6341035654896874,
  "depth_p": 0.5262553099922221,
  "volume_mean": -160.15,
  "volume_t": -1.1378013518378673,
  "volume_p": 0.2556583389072225
}