,train_rmse,test_rmse,train_r2,test_r2,test_mae,cv_r2
spread_mean,24.844122173887143,198.2534431308901,0.9990925030939777,0.9465860012901733,99.2246717363488,0.9216638603142316
depth_mean,10.662694204098973,38.461865375016394,0.9875028978365524,0.8915566487865371,28.712806378126434,0.8165671884781744
volume_mean,3.233772368909902,10.040639570758128,0.9888625530674761,0.9030183526983184,8.094145164249825,0.8766790064426482
